Workbook

Sheet Suivi Courrier
P2: SYNTHÈSE
P3: Nombre total de courriers | R3: =COUNTA(C17:C1029) -> 713
P4: Courriers ne nécessitant pas de réponse | R4: =COUNTIF(G17:G1029,"Ne nécessite pas de réponse") -> 154
P5: Courriers nécessitant une réponse | R5: =R3-R4 -> 559
P6: Courriers traités (signés) | R6: =COUNT(T17:T1029) -> 510
P7: Courriers répondus dans les délais | R7: =COUNTIF(W17:W1029,"Dans les délais") -> 181
P8: Courriers en alerte JAUNE | R8: =COUNTIF(Q17:Q1029,"JAUNE") -> 4
P9: Courriers en alerte ROUGE | R9: =COUNTIF(Q17:Q1029,"ROUGE") -> 35
P10: Performance (% dans les délais) | R10: =IFERROR(R7/R5,0) -> 0.32379249
P11: Courriers en alerte JAUNE (Directeur) | R11: =COUNTIF(S17:S1029,"JAUNE") -> 0
P12: Courriers en alerte ROUGE (Directeur) | R12: =COUNTIF(S17:S1029,"ROUGE") -> 2
P13: Dossiers soumis en attente de signature Directeur | R13: =COUNTIFS(O17:O1029,"<>",T17:T1029,"") -> 6
B14: DISPOSITIF DE SUIVI INTÉGRAL DU COURRIER (DISC) DE LA DSP — FICHIER DE TEST
A16: N° d'ordre | B16: Date d'arrivée | C16: Référence du courrier Expéditeur | D16: Service d'origine | E16: Référence du courrier MEFP | F16: Référence du courrier DGCPT | G16: Type de courrier (Ordinaire/Confidentiel) | H16: Délai agent applicable (jours) | I16: Objet / Diligences | J16: Division concernée (DRI/DP/DSSE) | K16: Date d'imputation à la division | L16: Date d'imputation à l'agent | M16: Instructions DSP | N16: Agent responsable | O16: Date de soumission du dossier par l'agent | P16: Durée de traitement agent (jours) | Q16: Alerte délai agent (Vert/Jaune/Rouge) | R16: Délai Directeur applicable (jours) | S16: Alerte délai Directeur (Vert/Jaune/Rouge) | T16: Date de signature de la réponse (Directeur) | U16: Durée de traitement Directeur (jours) | V16: Écart global (jours) | W16: Observation
A17: 1 | B17: 46027 | C17: N°0047042 du 05-01-2026 | D17: Structure fictive 09 | F17: REF-B N°000271 du 05-01-2026 | G17: Ordinaire | H17: =IFERROR(VLOOKUP(G17,Paramètres!$B$6:$F$8,2,FALSE()),"") -> 5 | I17: Transmission d'un état récapitulatif fictif | J17: DSSE | K17: 46027 | L17: 46027 | M17: Vérifier la conformité avant signature | N17: Agent DSSE n°3 | O17: 46034 | P17: =IF(G17="Ne nécessite pas de réponse","-",IF(AND(ISNUMBER(B17),ISNUMBER(O17)),O17-B17,"")) -> 7 | Q17: =IF(G17="Ne nécessite pas de réponse","-",IF(O17<>"","-",IF(OR(B17="",H17="",NOT(ISNUMBER(H17)),H17=0),"",IF((TODAY()-B17)/H17<=0.5,"VERT",IF((TODAY()-B17)/H17<=0.8,"JAUNE","ROUGE"))))) -> - | R17: =IFERROR(VLOOKUP(G17,Paramètres!$B$6:$F$8,3,FALSE()),"") -> 2 | S17: =IF(G17="Ne nécessite pas de réponse","-",IF(O17="","",IF(T17<>"","-",IF(OR(R17="",NOT(ISNUMBER(R17)),R17=0),"",IF((TODAY()-O17)/R17<=0.5,"VERT",IF((TODAY()-O17)/R17<=0.8,"JAUNE","ROUGE")))))) -> - | T17: 46035 | U17: =IF(G17="Ne nécessite pas de réponse","-",IF(AND(ISNUMBER(O17),ISNUMBER(T17)),T17-O17,"")) -> 1 | V17: =IF(G17="Ne nécessite pas de réponse","-",IF(AND(ISNUMBER(T17),ISNUMBER(B17),ISNUMBER(H17),ISNUMBER(R17)),T17-(B17+H17+R17),"")) -> 1 | W17: =IF(G17="Ne nécessite pas de réponse","Ne nécessite pas de réponse",IF(T17="","",IF(V17<=0,"Dans les délais","Hors délais"))) -> Hors délais
A18: 2 | B18: 46027 | C18: N°0065246 du 05-01-2026 | D18: Structure fictive 20 | F18: REF-B N°002730 du 05-01-2026 | G18: Ordinaire | H18: =IFERROR(VLOOKUP(G18,Paramètres!$B$6:$F$8,2,FALSE()),"") -> 5 | I18: Convocation à une réunion fictive | J18: DP | K18: 46028 | L18: 46028 | M18: À traiter en priorité | N18: Agent DP n°1 | O18: 46034 | P18: =IF(G18="Ne nécessite pas de réponse","-",IF(AND(ISNUMBER(B18),ISNUMBER(O18)),O18-B18,"")) -> 7 | Q18: =IF(G18="Ne nécessite pas de réponse","-",IF(O18<>"","-",IF(OR(B18="",H18="",NOT(ISNUMBER(H18)),H18=0),"",IF((TODAY()-B18)/H18<=0.5,"VERT",IF((TODAY()-B18)/H18<=0.8,"JAUNE","ROUGE"))))) -> - | R18: =IFERROR(VLOOKUP(G18,Paramètres!$B$6:$F$8,3,FALSE()),"") -> 2 | S18: =IF(G18="Ne nécessite pas de réponse","-",IF(O18="","",IF(T18<>"","-",IF(OR(R18="",NOT(ISNUMBER(R18)),R18=0),"",IF((TODAY()-O18)/R18<=0.5,"VERT",IF((TODAY()-O18)/R18<=0.8,"JAUNE","ROUGE")))))) -> - | T18: 46036 | U18: =IF(G18="Ne nécessite pas de réponse","-",IF(AND(ISNUMBER(O18),ISNUMBER(T18)),T18-O18,"")) -> 2 | V18: =IF(G18="Ne nécessite pas de réponse","-",IF(AND(ISNUMBER(T18),ISNUMBER(B18),ISNUMBER(H18),ISNUMBER(R18)),T18-(B18+H18+R18),"")) -> 2 | W18: =IF(G18="Ne nécessite pas de réponse","Ne nécessite pas de réponse",IF(T18="","",IF(V18<=0,"Dans les délais","Hors délais"))) -> Hors délais
A19: 3 | B19: 46028 | C19: N°0028393 du 06-01-2026 | D19: Structure fictive 09 | F19: REF-B N°008217 du 06-01-2026 | G19: Ne nécessite pas de réponse | H19: =IFERROR(VLOOKUP(G19,Paramètres!$B$6:$F$8,2,FALSE()),"") -> N/A | I19: Transmission d'une note d'orientation fictive | J19: DRI | K19: 46028 | L19: 46028 | M19: Suivi | N19: Agent DRI n°2 | P19: =IF(G19="Ne nécessite pas de réponse","-",IF(AND(ISNUMBER(B19),ISNUMBER(O19)),O19-B19,"")) -> - | Q19: =IF(G19="Ne nécessite pas de réponse","-",IF(O19<>"","-",IF(OR(B19="",H19="",NOT(ISNUMBER(H19)),H19=0),"",IF((TODAY()-B19)/H19<=0.5,"VERT",IF((TODAY()-B19)/H19<=0.8,"JAUNE","ROUGE"))))) -> - | R19: =IFERROR(VLOOKUP(G19,Paramètres!$B$6:$F$8,3,FALSE()),"") -> N/A | S19: =IF(G19="Ne nécessite pas de réponse","-",IF(O19="","",IF(T19<>"","-",IF(OR(R19="",NOT(ISNUMBER(R19)),R19=0),"",IF((TODAY()-O19)/R19<=0.5,"VERT",IF((TODAY()-O19)/R19<=0.8,"JAUNE","ROUGE")))))) -> - | U19: =IF(G19="Ne nécessite pas de réponse","-",IF(AND(ISNUMBER(O19),ISNUMBER(T19)),T19-O19,"")) -> - | V19: =IF(G19="Ne nécessite pas de réponse","-",IF(AND(ISNUMBER(T19),ISNUMBER(B19),ISNUMBER(H19),ISNUMBER(R19)),T19-(B19+H19+R19),"")) -> - | W19: =IF(G19="Ne nécessite pas de réponse","Ne nécessite pas de réponse",IF(T19="","",IF(V19<=0,"Dans les délais","Hors délais"))) -> Ne nécessite pas de réponse
A20: 4 | B20: 46028 | C20: N°0057276 du 06-01-2026 | D20: Structure fictive 11 | F20: REF-B N°008864 du 06-01-2026 | G20: Ordinaire | H20: =IFERROR(VLOOKUP(G20,Paramètres!$B$6:$F$8,2,FALSE()),"") -> 5 | I20: Convocation à une réunion fictive | J20: DP | K20: 46028 | L20: 46028 | M20: Analyse et proposition de réponse | N20: Agent DP n°1 | O20: 46031 | P20: =IF(G20="Ne nécessite pas de réponse","-",IF(AND(ISNUMBER(B20),ISNUMBER(O20)),O20-B20,"")) -> 3 | Q20: =IF(G20="Ne nécessite pas de réponse","-",IF(O20<>"","-",IF(OR(B20="",H20="",NOT(ISNUMBER(H20)),H20=0),"",IF((TODAY()-B20)/H20<=0.5,"VERT",IF((TODAY()-B20)/H20<=0.8,"JAUNE","ROUGE"))))) -> - | R20: =IFERROR(VLOOKUP(G20,Paramètres!$B$6:$F$8,3,FALSE()),"") -> 2 | S20: =IF(G20="Ne nécessite pas de réponse","-",IF(O20="","",IF(T20<>"","-",IF(OR(R20="",NOT(ISNUMBER(R20)),R20=0),"",IF((TODAY()-O20)/R20<=0.5,"VERT",IF((TODAY()-O20)/R20<=0.8,"JAUNE","ROUGE")))))) -> - | T20: 46031 | U20: =IF(G20="Ne nécessite pas de réponse","-",IF(AND(ISNUMBER(O20),ISNUMBER(T20)),T20-O20,"")) -> 0 | V20: =IF(G20="Ne nécessite pas de réponse","-",IF(AND(ISNUMBER(T20),ISNUMBER(B20),ISNUMBER(H20),ISNUMBER(R20)),T20-(B20+H20+R20),"")) -> -4 | W20: =IF(G20="Ne nécessite pas de réponse","Ne nécessite pas de réponse",IF(T20="","",IF(V20<=0,"Dans les délais","Hors délais"))) -> Dans les délais
A21: 5 | B21: 46028 | C21: N°0059016 du 06-01-2026 | D21: Structure fictive 08 | F21: REF-B N°001514 du 06-01-2026 | G21: Ordinaire | H21: =IFERROR(VLOOKUP(G21,Paramètres!$B$6:$F$8,2,FALSE()),"") -> 5 | I21: Demande de documents complémentaires (test) | J21: DRI | K21: 46029 | L21: 46030 | M21: Vérifier la conformité avant signature | N21: Agent DRI n°3 | O21: 46037 | P21: =IF(G21="Ne nécessite pas de réponse","-",IF(AND(ISNUMBER(B21),ISNUMBER(O21)),O21-B21,"")) -> 9 | Q21: =IF(G21="Ne nécessite pas de réponse","-",IF(O21<>"","-",IF(OR(B21="",H21="",NOT(ISNUMBER(H21)),H21=0),"",IF((TODAY()-B21)/H21<=0.5,"VERT",IF((TODAY()-B21)/H21<=0.8,"JAUNE","ROUGE"))))) -> - | R21: =IFERROR(VLOOKUP(G21,Paramètres!$B$6:$F$8,3,FALSE()),"") -> 2 | S21: =IF(G21="Ne nécessite pas de réponse","-",IF(O21="","",IF(T21<>"","-",IF(OR(R21="",NOT(ISNUMBER(R21)),R21=0),"",IF((TODAY()-O21)/R21<=0.5,"VERT",IF((TODAY()-O21)/R21<=0.8,"JAUNE","ROUGE")))))) -> - | T21: 46037 | U21: =IF(G21="Ne nécessite pas de réponse","-",IF(AND(ISNUMBER(O21),ISNUMBER(T21)),T21-O21,"")) -> 0 | V21: =IF(G21="Ne nécessite pas de réponse","-",IF(AND(ISNUMBER(T21),ISNUMBER(B21),ISNUMBER(H21),ISNUMBER(R21)),T21-(B21+H21+R21),"")) -> 2 | W21: =IF(G21="Ne nécessite pas de réponse","Ne nécessite pas de réponse",IF(T21="","",IF(V21<=0,"Dans les délais","Hors délais"))) -> Hors délais
A22: 6 | B22: 46028 | C22: N°0014011 du 06-01-2026 | D22: Structure fictive 06 | E22: REF-A N°005409 du 06-01-2026 | F22: REF-B N°006480 du 06-01-2026 | G22: Ordinaire | H22: =IFERROR(VLOOKUP(G22,Paramètres!$B$6:$F$8,2,FALSE()),"") -> 5 | I22: Transmission d'un rapport annuel fictif | J22: DSSE | K22: 46028 | L22: 46029 | M22: Suivi | N22: Agent DSSE n°3 | O22: 46035 | P22: =IF(G22="Ne nécessite pas de réponse","-",IF(AND(ISNUMBER(B22),ISNUMBER(O22)),O22-B22,"")) -> 7 | Q22: =IF(G22="Ne nécessite pas de réponse","-",IF(O22<>"","-",IF(OR(B22="",H22="",NOT(ISNUMBER(H22)),H22=0),"",IF((TODAY()-B22)/H22<=0.5,"VERT",IF((TODAY()-B22)/H22<=0.8,"JAUNE","ROUGE"))))) -> - | R22: =IFERROR(VLOOKUP(G22,Paramètres!$B$6:$F$8,3,FALSE()),"") -> 2 | S22: =IF(G22="Ne nécessite pas de réponse","-",IF(O22="","",IF(T22<>"","-",IF(OR(R22="",NOT(ISNUMBER(R22)),R22=0),"",IF((TODAY()-O22)/R22<=0.5,"VERT",IF((TODAY()-O22)/R22<=0.8,"JAUNE","ROUGE")))))) -> - | T22: 46038 | U22: =IF(G22="Ne nécessite pas de réponse","-",IF(AND(ISNUMBER(O22),ISNUMBER(T22)),T22-O22,"")) -> 3 | V22: =IF(G22="Ne nécessite pas de réponse","-",IF(AND(ISNUMBER(T22),ISNUMBER(B22),ISNUMBER(H22),ISNUMBER(R22)),T22-(B22+H22+R22),"")) -> 3 | W22: =IF(G22="Ne nécessite pas de réponse","Ne nécessite pas de réponse",IF(T22="","",IF(V22<=0,"Dans les délais","Hors délais"))) -> Hors délais
A23: 7 | B23: 46029 | C23: N°0066324 du 07-01-2026 | D23: Structure fictive 09 | F23: REF-B N°004973 du 07-01-2026 | G23: Ordinaire | H23: =IFERROR(VLOOKUP(G23,Paramètres!$B$6:$F$8,2,FALSE()),"") -> 5 | I23: Transmission d'un rapport trimestriel fictif | J23: DSSE | K23: 46029 | L23: 46030 | M23: Préparer une note de réponse synthétique | N23: Agent DSSE n°1 | O23: 46035 | P23: =IF(G23="Ne nécessite pas de réponse","-",IF(AND(ISNUMBER(B23),ISNUMBER(O23)),O23-B23,"")) -> 6 | Q23: =IF(G23="Ne nécessite pas de réponse","-",IF(O23<>"","-",IF(OR(B23="",H23="",NOT(ISNUMBER(H23)),H23=0),"",IF((TODAY()-B23)/H23<=0.5,"VERT",IF((TODAY()-B23)/H23<=0.8,"JAUNE","ROUGE"))))) -> - | R23: =IFERROR(VLOOKUP(G23,Paramètres!$B$6:$F$8,3,FALSE()),"") -> 2 | S23: =IF(G23="Ne nécessite pas de réponse","-",IF(O23="","",IF(T23<>"","-",IF(OR(R23="",NOT(ISNUMBER(R23)),R23=0),"",IF((TODAY()-O23)/R23<=0.5,"VERT",IF((TODAY()-O23)/R23<=0.8,"JAUNE","ROUGE")))))) -> - | T23: 46037 | U23: =IF(G23="Ne nécessite pas de réponse","-",IF(AND(ISNUMBER(O23),ISNUMBER(T23)),T23-O23,"")) -> 2 | V23: =IF(G23="Ne nécessite pas de réponse","-",IF(AND(ISNUMBER(T23),ISNUMBER(B23),ISNUMBER(H23),ISNUMBER(R23)),T23-(B23+H23+R23),"")) -> 1 | W23: =IF(G23="Ne nécessite pas de réponse","Ne nécessite pas de réponse",IF(T23="","",IF(V23<=0,"Dans les délais","Hors délais"))) -> Hors délais
A24: 8 | B24: 46029 | C24: N°0042356 du 07-01-2026 | D24: Structure fictive 09 | E24: REF-A N°006392 du 07-01-2026 | F24: REF-B N°005712 du 07-01-2026 | G24: Ordinaire | H24: =IFERROR(VLOOKUP(G24,Paramètres!$B$6:$F$8,2,FALSE()),"") -> 5 | I24: Transmission d'un état récapitulatif fictif | J24: DSSE | K24: 46030 | L24: 46031 | M24: Analyse et proposition de réponse | N24: Agent DSSE n°1 | O24: 46037 | P24: =IF(G24="Ne nécessite pas de réponse","-",IF(AND(ISNUMBER(B24),ISNUMBER(O24)),O24-B24,"")) -> 8 | Q24: =IF(G24="Ne nécessite pas de réponse","-",IF(O24<>"","-",IF(OR(B24="",H24="",NOT(ISNUMBER(H24)),H24=0),"",IF((TODAY()-B24)/H24<=0.5,"VERT",IF((TODAY()-B24)/H24<=0.8,"JAUNE","ROUGE"))))) -> - | R24: =IFERROR(VLOOKUP(G24,Paramètres!$B$6:$F$8,3,FALSE()),"") -> 2 | S24: =IF(G24="Ne nécessite pas de réponse","-",IF(O24="","",IF(T24<>"","-",IF(OR(R24="",NOT(ISNUMBER(R24)),R24=0),"",IF((TODAY()-O24)/R24<=0.5,"VERT",IF((TODAY()-O24)/R24<=0.8,"JAUNE","ROUGE")))))) -> - | T24: 46038 | U24: =IF(G24="Ne nécessite pas de réponse","-",IF(AND(ISNUMBER(O24),ISNUMBER(T24)),T24-O24,"")) -> 1 | V24: =IF(G24="Ne nécessite pas de réponse","-",IF(AND(ISNUMBER(T24),ISNUMBER(B24),ISNUMBER(H24),ISNUMBER(R24)),T24-(B24+H24+R24),"")) -> 2 | W24: =IF(G24="Ne nécessite pas de réponse","Ne nécessite pas de réponse",IF(T24="","",IF(V24<=0,"Dans les délais","Hors délais"))) -> Hors délais
A25: 9 | B25: 46029 | C25: N°0037686 du 07-01-2026 | D25: Structure fictive 03 | E25: REF-A N°003914 du 07-01-2026 | F25: REF-B N°007357 du 07-01-2026 | G25: Confidentiel | H25: =IFERROR(VLOOKUP(G25,Paramètres!$B$6:$F$8,2,FALSE()),"") -> 5 | I25: Demande de précisions sur un tableau de bord fictif | J25: DSSE | K25: 46029 | L25: 46030 | M25: Examen et avis motivé | N25: Agent DSSE n°2 | O25: 46035 | P25: =IF(G25="Ne nécessite pas de réponse","-",IF(AND(ISNUMBER(B25),ISNUMBER(O25)),O25-B25,"")) -> 6 | Q25: =IF(G25="Ne nécessite pas de réponse","-",IF(O25<>"","-",IF(OR(B25="",H25="",NOT(ISNUMBER(H25)),H25=0),"",IF((TODAY()-B25)/H25<=0.5,"VERT",IF((TODAY()-B25)/H25<=0.8,"JAUNE","ROUGE"))))) -> - | R25: =IFERROR(VLOOKUP(G25,Paramètres!$B$6:$F$8,3,FALSE()),"") -> 2 | S25: =IF(G25="Ne nécessite pas de réponse","-",IF(O25="","",IF(T25<>"","-",IF(OR(R25="",NOT(ISNUMBER(R25)),R25=0),"",IF((TODAY()-O25)/R25<=0.5,"VERT",IF((TODAY()-O25)/R25<=0.8,"JAUNE","ROUGE")))))) -> - | T25: 46036 | U25: =IF(G25="Ne nécessite pas de réponse","-",IF(AND(ISNUMBER(O25),ISNUMBER(T25)),T25-O25,"")) -> 1 | V25: =IF(G25="Ne nécessite pas de réponse","-",IF(AND(ISNUMBER(T25),ISNUMBER(B25),ISNUMBER(H25),ISNUMBER(R25)),T25-(B25+H25+R25),"")) -> 0 | W25: =IF(G25="Ne nécessite pas de réponse","Ne nécessite pas de réponse",IF(T25="","",IF(V25<=0,"Dans les délais","Hors délais"))) -> Dans les délais
A26: 10 | B26: 46029 | C26: N°0081785 du 07-01-2026 | D26: Structure fictive 04 | F26: REF-B N°006411 du 07-01-2026 | G26: Ne nécessite pas de réponse | H26: =IFERROR(VLOOKUP(G26,Paramètres!$B$6:$F$8,2,FALSE()),"") -> N/A | I26: Examen d'un document de planification fictif | J26: DSSE | K26: 46029 | L26: 46030 | M26: Examen et avis motivé | N26: Agent DSSE n°2 | P26: =IF(G26="Ne nécessite pas de réponse","-",IF(AND(ISNUMBER(B26),ISNUMBER(O26)),O26-B26,"")) -> - | Q26: =IF(G26="Ne nécessite pas de réponse","-",IF(O26<>"","-",IF(OR(B26="",H26="",NOT(ISNUMBER(H26)),H26=0),"",IF((TODAY()-B26)/H26<=0.5,"VERT",IF((TODAY()-B26)/H26<=0.8,"JAUNE","ROUGE"))))) -> - | R26: =IFERROR(VLOOKUP(G26,Paramètres!$B$6:$F$8,3,FALSE()),"") -> N/A | S26: =IF(G26="Ne nécessite pas de réponse","-",IF(O26="","",IF(T26<>"","-",IF(OR(R26="",NOT(ISNUMBER(R26)),R26=0),"",IF((TODAY()-O26)/R26<=0.5,"VERT",IF((TODAY()-O26)/R26<=0.8,"JAUNE","ROUGE")))))) -> - | U26: =IF(G26="Ne nécessite pas de réponse","-",IF(AND(ISNUMBER(O26),ISNUMBER(T26)),T26-O26,"")) -> - | V26: =IF(G26="Ne nécessite pas de réponse","-",IF(AND(ISNUMBER(T26),ISNUMBER(B26),ISNUMBER(H26),ISNUMBER(R26)),T26-(B26+H26+R26),"")) -> - | W26: =IF(G26="Ne nécessite pas de réponse","Ne nécessite pas de réponse",IF(T26="","",IF(V26<=0,"Dans les délais","Hors délais"))) -> Ne nécessite pas de réponse
A27: 11 | B27: 46029 | C27: N°0034393 du 07-01-2026 | D27: Structure fictive 11 | F27: REF-B N°001016 du 07-01-2026 | G27: Ne nécessite pas de réponse | H27: =IFERROR(VLOOKUP(G27,Paramètres!$B$6:$F$8,2,FALSE()),"") -> N/A | I27: Projet de texte soumis pour observations (données fictives) | J27: DRI | K27: 46029 | L27: 46029 | M27: Préparer une note de réponse synthétique | N27: Agent DRI n°2 | P27: =IF(G27="Ne nécessite pas de réponse","-",IF(AND(ISNUMBER(B27),ISNUMBER(O27)),O27-B27,"")) -> - | Q27: =IF(G27="Ne nécessite pas de réponse","-",IF(O27<>"","-",IF(OR(B27="",H27="",NOT(ISNUMBER(H27)),H27=0),"",IF((TODAY()-B27)/H27<=0.5,"VERT",IF((TODAY()-B27)/H27<=0.8,"JAUNE","ROUGE"))))) -> - | R27: =IFERROR(VLOOKUP(G27,Paramètres!$B$6:$F$8,3,FALSE()),"") -> N/A | S27: =IF(G27="Ne nécessite pas de réponse","-",IF(O27="","",IF(T27<>"","-",IF(OR(R27="",NOT(ISNUMBER(R27)),R27=0),"",IF((TODAY()-O27)/R27<=0.5,"VERT",IF((TODAY()-O27)/R27<=0.8,"JAUNE","ROUGE")))))) -> - | U27: =IF(G27="Ne nécessite pas de réponse","-",IF(AND(ISNUMBER(O27),ISNUMBER(T27)),T27-O27,"")) -> - | V27: =IF(G27="Ne nécessite pas de réponse","-",IF(AND(ISNUMBER(T27),ISNUMBER(B27),ISNUMBER(H27),ISNUMBER(R27)),T27-(B27+H27+R27),"")) -> - | W27: =IF(G27="Ne nécessite pas de réponse","Ne nécessite pas de réponse",IF(T27="","",IF(V27<=0,"Dans les délais","Hors délais"))) -> Ne nécessite pas de réponse
A28: 12 | B28: 46029 | C28: N°0023984 du 07-01-2026 | D28: Structure fictive 15 | F28: REF-B N°008144 du 07-01-2026 | G28: Ordinaire | H28: =IFERROR(VLOOKUP(G28,Paramètres!$B$6:$F$8,2,FALSE()),"") -> 5 | I28: Transmission de pièces justificatives fictives | J28: DSSE | K28: 46030 | L28: 46030 | M28: À traiter en priorité | N28: Agent DSSE n°3 | O28: 46035 | P28: =IF(G28="Ne nécessite pas de réponse","-",IF(AND(ISNUMBER(B28),ISNUMBER(O28)),O28-B28,"")) -> 6 | Q28: =IF(G28="Ne nécessite pas de réponse","-",IF(O28<>"","-",IF(OR(B28="",H28="",NOT(ISNUMBER(H28)),H28=0),"",IF((TODAY()-B28)/H28<=0.5,"VERT",IF((TODAY()-B28)/H28<=0.8,"JAUNE","ROUGE"))))) -> - | R28: =IFERROR(VLOOKUP(G28,Paramètres!$B$6:$F$8,3,FALSE()),"") -> 2 | S28: =IF(G28="Ne nécessite pas de réponse","-",IF(O28="","",IF(T28<>"","-",IF(OR(R28="",NOT(ISNUMBER(R28)),R28=0),"",IF((TODAY()-O28)/R28<=0.5,"VERT",IF((TODAY()-O28)/R28<=0.8,"JAUNE","ROUGE")))))) -> - | T28: 46036 | U28: =IF(G28="Ne nécessite pas de réponse","-",IF(AND(ISNUMBER(O28),ISNUMBER(T28)),T28-O28,"")) -> 1 | V28: =IF(G28="Ne nécessite pas de réponse","-",IF(AND(ISNUMBER(T28),ISNUMBER(B28),ISNUMBER(H28),ISNUMBER(R28)),T28-(B28+H28+R28),"")) -> 0 | W28: =IF(G28="Ne nécessite pas de réponse","Ne nécessite pas de réponse",IF(T28="","",IF(V28<=0,"Dans les délais","Hors délais"))) -> Dans les délais
A29: 13 | B29: 46030 | C29: N°0001777 du 08-01-2026 | D29: Structure fictive 07 | F29: REF-B N°000823 du 08-01-2026 | G29: Ordinaire | H29: =IFERROR(VLOOKUP(G29,Paramètres!$B$6:$F$8,2,FALSE()),"") -> 5 | I29: Projet de texte soumis pour observations (données fictives) | J29: DRI | K29: 46031 | L29: 46034 | M29: Préparer une note de réponse synthétique | N29: Agent DRI n°1 | O29: 46036 | P29: =IF(G29="Ne nécessite pas de réponse","-",IF(AND(ISNUMBER(B29),ISNUMBER(O29)),O29-B29,"")) -> 6 | Q29: =IF(G29="Ne nécessite pas de réponse","-",IF(O29<>"","-",IF(OR(B29="",H29="",NOT(ISNUMBER(H29)),H29=0),"",IF((TODAY()-B29)/H29<=0.5,"VERT",IF((TODAY()-B29)/H29<=0.8,"JAUNE","ROUGE"))))) -> - | R29: =IFERROR(VLOOKUP(G29,Paramètres!$B$6:$F$8,3,FALSE()),"") -> 2 | S29: =IF(G29="Ne nécessite pas de réponse","-",IF(O29="","",IF(T29<>"","-",IF(OR(R29="",NOT(ISNUMBER(R29)),R29=0),"",IF((TODAY()-O29)/R29<=0.5,"VERT",IF((TODAY()-O29)/R29<=0.8,"JAUNE","ROUGE")))))) -> - | T29: 46038 | U29: =IF(G29="Ne nécessite pas de réponse","-",IF(AND(ISNUMBER(O29),ISNUMBER(T29)),T29-O29,"")) -> 2 | V29: =IF(G29="Ne nécessite pas de réponse","-",IF(AND(ISNUMBER(T29),ISNUMBER(B29),ISNUMBER(H29),ISNUMBER(R29)),T29-(B29+H29+R29),"")) -> 1 | W29: =IF(G29="Ne nécessite pas de réponse","Ne nécessite pas de réponse",IF(T29="","",IF(V29<=0,"Dans les délais","Hors délais"))) -> Hors délais
A30: 14 | B30: 46030 | C30: N°0065546 du 08-01-2026 | D30: Structure fictive 05 | F30: REF-B N°008281 du 08-01-2026 | G30: Ordinaire | H30: =IFERROR(VLOOKUP(G30,Paramètres!$B$6:$F$8,2,FALSE()),"") -> 5 | I30: Transmission d'un état récapitulatif fictif | J30: DSSE | K30: 46031 | L30: 46031 | M30: Analyse et proposition de réponse | N30: Agent DSSE n°2 | O30: 46034 | P30: =IF(G30="Ne nécessite pas de réponse","-",IF(AND(ISNUMBER(B30),ISNUMBER(O30)),O30-B30,"")) -> 4 | Q30: =IF(G30="Ne nécessite pas de réponse","-",IF(O30<>"","-",IF(OR(B30="",H30="",NOT(ISNUMBER(H30)),H30=0),"",IF((TODAY()-B30)/H30<=0.5,"VERT",IF((TODAY()-B30)/H30<=0.8,"JAUNE","ROUGE"))))) -> - | R30: =IFERROR(VLOOKUP(G30,Paramètres!$B$6:$F$8,3,FALSE()),"") -> 2 | S30: =IF(G30="Ne nécessite pas de réponse","-",IF(O30="","",IF(T30<>"","-",IF(OR(R30="",NOT(ISNUMBER(R30)),R30=0),"",IF((TODAY()-O30)/R30<=0.5,"VERT",IF((TODAY()-O30)/R30<=0.8,"JAUNE","ROUGE")))))) -> - | T30: 46035 | U30: =IF(G30="Ne nécessite pas de réponse","-",IF(AND(ISNUMBER(O30),ISNUMBER(T30)),T30-O30,"")) -> 1 | V30: =IF(G30="Ne nécessite pas de réponse","-",IF(AND(ISNUMBER(T30),ISNUMBER(B30),ISNUMBER(H30),ISNUMBER(R30)),T30-(B30+H30+R30),"")) -> -2 | W30: =IF(G30="Ne nécessite pas de réponse","Ne nécessite pas de réponse",IF(T30="","",IF(V30<=0,"Dans les délais","Hors délais"))) -> Dans les délais
A31: 15 | B31: 46030 | C31: N°0084847 du 08-01-2026 | D31: Structure fictive 09 | F31: REF-B N°002920 du 08-01-2026 | G31: Ordinaire | H31: =IFERROR(VLOOKUP(G31,Paramètres!$B$6:$F$8,2,FALSE()),"") -> 5 | I31: Demande d'information sur un dossier de test | J31: DRI | K31: 46030 | L31: 46030 | M31: À traiter en priorité | N31: Agent DRI n°1 | O31: 46041 | P31: =IF(G31="Ne nécessite pas de réponse","-",IF(AND(ISNUMBER(B31),ISNUMBER(O31)),O31-B31,"")) -> 11 | Q31: =IF(G31="Ne nécessite pas de réponse","-",IF(O31<>"","-",IF(OR(B31="",H31="",NOT(ISNUMBER(H31)),H31=0),"",IF((TODAY()-B31)/H31<=0.5,"VERT",IF((TODAY()-B31)/H31<=0.8,"JAUNE","ROUGE"))))) -> - | R31: =IFERROR(VLOOKUP(G31,Paramètres!$B$6:$F$8,3,FALSE()),"") -> 2 | S31: =IF(G31="Ne nécessite pas de réponse","-",IF(O31="","",IF(T31<>"","-",IF(OR(R31="",NOT(ISNUMBER(R31)),R31=0),"",IF((TODAY()-O31)/R31<=0.5,"VERT",IF((TODAY()-O31)/R31<=0.8,"JAUNE","ROUGE")))))) -> - | T31: 46043 | U31: =IF(G31="Ne nécessite pas de réponse","-",IF(AND(ISNUMBER(O31),ISNUMBER(T31)),T31-O31,"")) -> 2 | V31: =IF(G31="Ne nécessite pas de réponse","-",IF(AND(ISNUMBER(T31),ISNUMBER(B31),ISNUMBER(H31),ISNUMBER(R31)),T31-(B31+H31+R31),"")) -> 6 | W31: =IF(G31="Ne nécessite pas de réponse","Ne nécessite pas de réponse",IF(T31="","",IF(V31<=0,"Dans les délais","Hors délais"))) -> Hors délais
A32: 16 | B32: 46030 | C32: N°0008941 du 08-01-2026 | D32: Structure fictive 09 | E32: REF-A N°018340 du 08-01-2026 | F32: REF-B N°009165 du 08-01-2026 | G32: Ne nécessite pas de réponse | H32: =IFERROR(VLOOKUP(G32,Paramètres!$B$6:$F$8,2,FALSE()),"") -> N/A | I32: Demande d'information sur un dossier de test | J32: DRI | K32: 46030 | L32: 46030 | M32: Suivi | N32: Agent DRI n°1 | P32: =IF(G32="Ne nécessite pas de réponse","-",IF(AND(ISNUMBER(B32),ISNUMBER(O32)),O32-B32,"")) -> - | Q32: =IF(G32="Ne nécessite pas de réponse","-",IF(O32<>"","-",IF(OR(B32="",H32="",NOT(ISNUMBER(H32)),H32=0),"",IF((TODAY()-B32)/H32<=0.5,"VERT",IF((TODAY()-B32)/H32<=0.8,"JAUNE","ROUGE"))))) -> - | R32: =IFERROR(VLOOKUP(G32,Paramètres!$B$6:$F$8,3,FALSE()),"") -> N/A | S32: =IF(G32="Ne nécessite pas de réponse","-",IF(O32="","",IF(T32<>"","-",IF(OR(R32="",NOT(ISNUMBER(R32)),R32=0),"",IF((TODAY()-O32)/R32<=0.5,"VERT",IF((TODAY()-O32)/R32<=0.8,"JAUNE","ROUGE")))))) -> - | U32: =IF(G32="Ne nécessite pas de réponse","-",IF(AND(ISNUMBER(O32),ISNUMBER(T32)),T32-O32,"")) -> - | V32: =IF(G32="Ne nécessite pas de réponse","-",IF(AND(ISNUMBER(T32),ISNUMBER(B32),ISNUMBER(H32),ISNUMBER(R32)),T32-(B32+H32+R32),"")) -> - | W32: =IF(G32="Ne nécessite pas de réponse","Ne nécessite pas de réponse",IF(T32="","",IF(V32<=0,"Dans les délais","Hors délais"))) -> Ne nécessite pas de réponse
A33: 17 | B33: 46034 | C33: N°0052307 du 12-01-2026 | D33: Structure fictive 03 | F33: REF-B N°000360 du 12-01-2026 | G33: Ne nécessite pas de réponse | H33: =IFERROR(VLOOKUP(G33,Paramètres!$B$6:$F$8,2,FALSE()),"") -> N/A | I33: Demande d'information sur un dossier de test | J33: DRI | K33: 46034 | L33: 46034 | M33: Préparer une note de réponse synthétique | N33: Agent DRI n°2 | P33: =IF(G33="Ne nécessite pas de réponse","-",IF(AND(ISNUMBER(B33),ISNUMBER(O33)),O33-B33,"")) -> - | Q33: =IF(G33="Ne nécessite pas de réponse","-",IF(O33<>"","-",IF(OR(B33="",H33="",NOT(ISNUMBER(H33)),H33=0),"",IF((TODAY()-B33)/H33<=0.5,"VERT",IF((TODAY()-B33)/H33<=0.8,"JAUNE","ROUGE"))))) -> - | R33: =IFERROR(VLOOKUP(G33,Paramètres!$B$6:$F$8,3,FALSE()),"") -> N/A | S33: =IF(G33="Ne nécessite pas de réponse","-",IF(O33="","",IF(T33<>"","-",IF(OR(R33="",NOT(ISNUMBER(R33)),R33=0),"",IF((TODAY()-O33)/R33<=0.5,"VERT",IF((TODAY()-O33)/R33<=0.8,"JAUNE","ROUGE")))))) -> - | U33: =IF(G33="Ne nécessite pas de réponse","-",IF(AND(ISNUMBER(O33),ISNUMBER(T33)),T33-O33,"")) -> - | V33: =IF(G33="Ne nécessite pas de réponse","-",IF(AND(ISNUMBER(T33),ISNUMBER(B33),ISNUMBER(H33),ISNUMBER(R33)),T33-(B33+H33+R33),"")) -> - | W33: =IF(G33="Ne nécessite pas de réponse","Ne nécessite pas de réponse",IF(T33="","",IF(V33<=0,"Dans les délais","Hors délais"))) -> Ne nécessite pas de réponse
A34: 18 | B34: 46034 | C34: N°0019421 du 12-01-2026 | D34: Structure fictive 19 | F34: REF-B N°005440 du 12-01-2026 | G34: Ordinaire | H34: =IFERROR(VLOOKUP(G34,Paramètres!$B$6:$F$8,2,FALSE()),"") -> 5 | I34: Transmission d'un rapport trimestriel fictif | J34: DSSE | K34: 46035 | L34: 46035 | M34: Analyse et proposition de réponse | N34: Agent DSSE n°2 | O34: 46041 | P34: =IF(G34="Ne nécessite pas de réponse","-",IF(AND(ISNUMBER(B34),ISNUMBER(O34)),O34-B34,"")) -> 7 | Q34: =IF(G34="Ne nécessite pas de réponse","-",IF(O34<>"","-",IF(OR(B34="",H34="",NOT(ISNUMBER(H34)),H34=0),"",IF((TODAY()-B34)/H34<=0.5,"VERT",IF((TODAY()-B34)/H34<=0.8,"JAUNE","ROUGE"))))) -> - | R34: =IFERROR(VLOOKUP(G34,Paramètres!$B$6:$F$8,3,FALSE()),"") -> 2 | S34: =IF(G34="Ne nécessite pas de réponse","-",IF(O34="","",IF(T34<>"","-",IF(OR(R34="",NOT(ISNUMBER(R34)),R34=0),"",IF((TODAY()-O34)/R34<=0.5,"VERT",IF((TODAY()-O34)/R34<=0.8,"JAUNE","ROUGE")))))) -> - | T34: 46042 | U34: =IF(G34="Ne nécessite pas de réponse","-",IF(AND(ISNUMBER(O34),ISNUMBER(T34)),T34-O34,"")) -> 1 | V34: =IF(G34="Ne nécessite pas de réponse","-",IF(AND(ISNUMBER(T34),ISNUMBER(B34),ISNUMBER(H34),ISNUMBER(R34)),T34-(B34+H34+R34),"")) -> 1 | W34: =IF(G34="Ne nécessite pas de réponse","Ne nécessite pas de réponse",IF(T34="","",IF(V34<=0,"Dans les délais","Hors délais"))) -> Hors délais
A35: 19 | B35: 46034 | C35: N°0098051 du 12-01-2026 | D35: Structure fictive 14 | F35: REF-B N°001566 du 12-01-2026 | G35: Confidentiel | H35: =IFERROR(VLOOKUP(G35,Paramètres!$B$6:$F$8,2,FALSE()),"") -> 5 | I35: Demande de désignation d'un point focal (test) | J35: DP | K35: 46035 | L35: 46035 | M35: À traiter en priorité | N35: Agent DP n°2 | O35: 46038 | P35: =IF(G35="Ne nécessite pas de réponse","-",IF(AND(ISNUMBER(B35),ISNUMBER(O35)),O35-B35,"")) -> 4 | Q35: =IF(G35="Ne nécessite pas de réponse","-",IF(O35<>"","-",IF(OR(B35="",H35="",NOT(ISNUMBER(H35)),H35=0),"",IF((TODAY()-B35)/H35<=0.5,"VERT",IF((TODAY()-B35)/H35<=0.8,"JAUNE","ROUGE"))))) -> - | R35: =IFERROR(VLOOKUP(G35,Paramètres!$B$6:$F$8,3,FALSE()),"") -> 2 | S35: =IF(G35="Ne nécessite pas de réponse","-",IF(O35="","",IF(T35<>"","-",IF(OR(R35="",NOT(ISNUMBER(R35)),R35=0),"",IF((TODAY()-O35)/R35<=0.5,"VERT",IF((TODAY()-O35)/R35<=0.8,"JAUNE","ROUGE")))))) -> - | T35: 46042 | U35: =IF(G35="Ne nécessite pas de réponse","-",IF(AND(ISNUMBER(O35),ISNUMBER(T35)),T35-O35,"")) -> 4 | V35: =IF(G35="Ne nécessite pas de réponse","-",IF(AND(ISNUMBER(T35),ISNUMBER(B35),ISNUMBER(H35),ISNUMBER(R35)),T35-(B35+H35+R35),"")) -> 1 | W35: =IF(G35="Ne nécessite pas de réponse","Ne nécessite pas de réponse",IF(T35="","",IF(V35<=0,"Dans les délais","Hors délais"))) -> Hors délais
A36: 20 | B36: 46034 | C36: N°0032911 du 12-01-2026 | D36: Structure fictive 18 | F36: REF-B N°003416 du 12-01-2026 | G36: Ordinaire | H36: =IFERROR(VLOOKUP(G36,Paramètres!$B$6:$F$8,2,FALSE()),"") -> 5 | I36: Transmission d'un rapport annuel fictif | J36: DSSE | K36: 46034 | L36: 46034 | N36: Agent DSSE n°2 | O36: 46045 | P36: =IF(G36="Ne nécessite pas de réponse","-",IF(AND(ISNUMBER(B36),ISNUMBER(O36)),O36-B36,"")) -> 11 | Q36: =IF(G36="Ne nécessite pas de réponse","-",IF(O36<>"","-",IF(OR(B36="",H36="",NOT(ISNUMBER(H36)),H36=0),"",IF((TODAY()-B36)/H36<=0.5,"VERT",IF((TODAY()-B36)/H36<=0.8,"JAUNE","ROUGE"))))) -> - | R36: =IFERROR(VLOOKUP(G36,Paramètres!$B$6:$F$8,3,FALSE()),"") -> 2 | S36: =IF(G36="Ne nécessite pas de réponse","-",IF(O36="","",IF(T36<>"","-",IF(OR(R36="",NOT(ISNUMBER(R36)),R36=0),"",IF((TODAY()-O36)/R36<=0.5,"VERT",IF((TODAY()-O36)/R36<=0.8,"JAUNE","ROUGE")))))) -> - | T36: 46049 | U36: =IF(G36="Ne nécessite pas de réponse","-",IF(AND(ISNUMBER(O36),ISNUMBER(T36)),T36-O36,"")) -> 4 | V36: =IF(G36="Ne nécessite pas de réponse","-",IF(AND(ISNUMBER(T36),ISNUMBER(B36),ISNUMBER(H36),ISNUMBER(R36)),T36-(B36+H36+R36),"")) -> 8 | W36: =IF(G36="Ne nécessite pas de réponse","Ne nécessite pas de réponse",IF(T36="","",IF(V36<=0,"Dans les délais","Hors délais"))) -> Hors délais
A37: 21 | B37: 46035 | C37: N°0005878 du 13-01-2026 | D37: Structure fictive 18 | E37: REF-A N°012059 du 13-01-2026 | F37: REF-B N°008402 du 13-01-2026 | G37: Ordinaire | H37: =IFERROR(VLOOKUP(G37,Paramètres!$B$6:$F$8,2,FALSE()),"") -> 5 | I37: Transmission de pièces justificatives fictives | J37: DSSE | K37: 46036 | L37: 46037 | M37: Analyse et proposition de réponse | N37: Agent DSSE n°1 | O37: 46041 | P37: =IF(G37="Ne nécessite pas de réponse","-",IF(AND(ISNUMBER(B37),ISNUMBER(O37)),O37-B37,"")) -> 6 | Q37: =IF(G37="Ne nécessite pas de réponse","-",IF(O37<>"","-",IF(OR(B37="",H37="",NOT(ISNUMBER(H37)),H37=0),"",IF((TODAY()-B37)/H37<=0.5,"VERT",IF((TODAY()-B37)/H37<=0.8,"JAUNE","ROUGE"))))) -> - | R37: =IFERROR(VLOOKUP(G37,Paramètres!$B$6:$F$8,3,FALSE()),"") -> 2 | S37: =IF(G37="Ne nécessite pas de réponse","-",IF(O37="","",IF(T37<>"","-",IF(OR(R37="",NOT(ISNUMBER(R37)),R37=0),"",IF((TODAY()-O37)/R37<=0.5,"VERT",IF((TODAY()-O37)/R37<=0.8,"JAUNE","ROUGE")))))) -> - | T37: 46044 | U37: =IF(G37="Ne nécessite pas de réponse","-",IF(AND(ISNUMBER(O37),ISNUMBER(T37)),T37-O37,"")) -> 3 | V37: =IF(G37="Ne nécessite pas de réponse","-",IF(AND(ISNUMBER(T37),ISNUMBER(B37),ISNUMBER(H37),ISNUMBER(R37)),T37-(B37+H37+R37),"")) -> 2 | W37: =IF(G37="Ne nécessite pas de réponse","Ne nécessite pas de réponse",IF(T37="","",IF(V37<=0,"Dans les délais","Hors délais"))) -> Hors délais
A38: 22 | B38: 46036 | C38: N°0026801 du 14-01-2026 | D38: Structure fictive 11 | F38: REF-B N°002375 du 14-01-2026 | G38: Ordinaire | H38: =IFERROR(VLOOKUP(G38,Paramètres!$B$6:$F$8,2,FALSE()),"") -> 5 | I38: Note de présentation d'un projet fictif | J38: DP | K38: 46036 | L38: 46036 | N38: Agent DP n°1 | O38: 46042 | P38: =IF(G38="Ne nécessite pas de réponse","-",IF(AND(ISNUMBER(B38),ISNUMBER(O38)),O38-B38,"")) -> 6 | Q38: =IF(G38="Ne nécessite pas de réponse","-",IF(O38<>"","-",IF(OR(B38="",H38="",NOT(ISNUMBER(H38)),H38=0),"",IF((TODAY()-B38)/H38<=0.5,"VERT",IF((TODAY()-B38)/H38<=0.8,"JAUNE","ROUGE"))))) -> - | R38: =IFERROR(VLOOKUP(G38,Paramètres!$B$6:$F$8,3,FALSE()),"") -> 2 | S38: =IF(G38="Ne nécessite pas de réponse","-",IF(O38="","",IF(T38<>"","-",IF(OR(R38="",NOT(ISNUMBER(R38)),R38=0),"",IF((TODAY()-O38)/R38<=0.5,"VERT",IF((TODAY()-O38)/R38<=0.8,"JAUNE","ROUGE")))))) -> - | T38: 46045 | U38: =IF(G38="Ne nécessite pas de réponse","-",IF(AND(ISNUMBER(O38),ISNUMBER(T38)),T38-O38,"")) -> 3 | V38: =IF(G38="Ne nécessite pas de réponse","-",IF(AND(ISNUMBER(T38),ISNUMBER(B38),ISNUMBER(H38),ISNUMBER(R38)),T38-(B38+H38+R38),"")) -> 2 | W38: =IF(G38="Ne nécessite pas de réponse","Ne nécessite pas de réponse",IF(T38="","",IF(V38<=0,"Dans les délais","Hors délais"))) -> Hors délais
A39: 23 | B39: 46036 | C39: N°0037355 du 14-01-2026 | D39: Structure fictive 04 | E39: REF-A N°005010 du 14-01-2026 | F39: REF-B N°004652 du 14-01-2026 | G39: Ordinaire | H39: =IFERROR(VLOOKUP(G39,Paramètres!$B$6:$F$8,2,FALSE()),"") -> 5 | I39: Demande de précisions sur un tableau de bord fictif | J39: DSSE | K39: 46036 | L39: 46036 | M39: Analyse et proposition de réponse | N39: Agent DSSE n°3 | O39: 46043 | P39: =IF(G39="Ne nécessite pas de réponse","-",IF(AND(ISNUMBER(B39),ISNUMBER(O39)),O39-B39,"")) -> 7 | Q39: =IF(G39="Ne nécessite pas de réponse","-",IF(O39<>"","-",IF(OR(B39="",H39="",NOT(ISNUMBER(H39)),H39=0),"",IF((TODAY()-B39)/H39<=0.5,"VERT",IF((TODAY()-B39)/H39<=0.8,"JAUNE","ROUGE"))))) -> - | R39: =IFERROR(VLOOKUP(G39,Paramètres!$B$6:$F$8,3,FALSE()),"") -> 2 | S39: =IF(G39="Ne nécessite pas de réponse","-",IF(O39="","",IF(T39<>"","-",IF(OR(R39="",NOT(ISNUMBER(R39)),R39=0),"",IF((TODAY()-O39)/R39<=0.5,"VERT",IF((TODAY()-O39)/R39<=0.8,"JAUNE","ROUGE")))))) -> - | T39: 46044 | U39: =IF(G39="Ne nécessite pas de réponse","-",IF(AND(ISNUMBER(O39),ISNUMBER(T39)),T39-O39,"")) -> 1 | V39: =IF(G39="Ne nécessite pas de réponse","-",IF(AND(ISNUMBER(T39),ISNUMBER(B39),ISNUMBER(H39),ISNUMBER(R39)),T39-(B39+H39+R39),"")) -> 1 | W39: =IF(G39="Ne nécessite pas de réponse","Ne nécessite pas de réponse",IF(T39="","",IF(V39<=0,"Dans les délais","Hors délais"))) -> Hors délais
A40: 24 | B40: 46036 | C40: N°0072110 du 14-01-2026 | D40: Structure fictive 11 | F40: REF-B N°004094 du 14-01-2026 | G40: Ordinaire | H40: =IFERROR(VLOOKUP(G40,Paramètres!$B$6:$F$8,2,FALSE()),"") -> 5 | I40: Transmission d'un rapport annuel fictif | J40: DSSE | K40: 46036 | L40: 46037 | M40: Vérifier la conformité avant signature | N40: Agent DSSE n°3 | O40: 46042 | P40: =IF(G40="Ne nécessite pas de réponse","-",IF(AND(ISNUMBER(B40),ISNUMBER(O40)),O40-B40,"")) -> 6 | Q40: =IF(G40="Ne nécessite pas de réponse","-",IF(O40<>"","-",IF(OR(B40="",H40="",NOT(ISNUMBER(H40)),H40=0),"",IF((TODAY()-B40)/H40<=0.5,"VERT",IF((TODAY()-B40)/H40<=0.8,"JAUNE","ROUGE"))))) -> - | R40: =IFERROR(VLOOKUP(G40,Paramètres!$B$6:$F$8,3,FALSE()),"") -> 2 | S40: =IF(G40="Ne nécessite pas de réponse","-",IF(O40="","",IF(T40<>"","-",IF(OR(R40="",NOT(ISNUMBER(R40)),R40=0),"",IF((TODAY()-O40)/R40<=0.5,"VERT",IF((TODAY()-O40)/R40<=0.8,"JAUNE","ROUGE")))))) -> - | T40: 46049 | U40: =IF(G40="Ne nécessite pas de réponse","-",IF(AND(ISNUMBER(O40),ISNUMBER(T40)),T40-O40,"")) -> 7 | V40: =IF(G40="Ne nécessite pas de réponse","-",IF(AND(ISNUMBER(T40),ISNUMBER(B40),ISNUMBER(H40),ISNUMBER(R40)),T40-(B40+H40+R40),"")) -> 6 | W40: =IF(G40="Ne nécessite pas de réponse","Ne nécessite pas de réponse",IF(T40="","",IF(V40<=0,"Dans les délais","Hors délais"))) -> Hors délais
A41: 25 | B41: 46036 | C41: N°0080245 du 14-01-2026 | D41: Structure fictive 02 | F41: REF-B N°005412 du 14-01-2026 | G41: Confidentiel | H41: =IFERROR(VLOOKUP(G41,Paramètres!$B$6:$F$8,2,FALSE()),"") -> 5 | I41: Demande de précisions sur un tableau de bord fictif | J41: DSSE | K41: 46037 | L41: 46038 | M41: À traiter en priorité | N41: Agent DSSE n°3 | O41: 46043 | P41: =IF(G41="Ne nécessite pas de réponse","-",IF(AND(ISNUMBER(B41),ISNUMBER(O41)),O41-B41,"")) -> 7 | Q41: =IF(G41="Ne nécessite pas de réponse","-",IF(O41<>"","-",IF(OR(B41="",H41="",NOT(ISNUMBER(H41)),H41=0),"",IF((TODAY()-B41)/H41<=0.5,"VERT",IF((TODAY()-B41)/H41<=0.8,"JAUNE","ROUGE"))))) -> - | R41: =IFERROR(VLOOKUP(G41,Paramètres!$B$6:$F$8,3,FALSE()),"") -> 2 | S41: =IF(G41="Ne nécessite pas de réponse","-",IF(O41="","",IF(T41<>"","-",IF(OR(R41="",NOT(ISNUMBER(R41)),R41=0),"",IF((TODAY()-O41)/R41<=0.5,"VERT",IF((TODAY()-O41)/R41<=0.8,"JAUNE","ROUGE")))))) -> - | T41: 46044 | U41: =IF(G41="Ne nécessite pas de réponse","-",IF(AND(ISNUMBER(O41),ISNUMBER(T41)),T41-O41,"")) -> 1 | V41: =IF(G41="Ne nécessite pas de réponse","-",IF(AND(ISNUMBER(T41),ISNUMBER(B41),ISNUMBER(H41),ISNUMBER(R41)),T41-(B41+H41+R41),"")) -> 1 | W41: =IF(G41="Ne nécessite pas de réponse","Ne nécessite pas de réponse",IF(T41="","",IF(V41<=0,"Dans les délais","Hors délais"))) -> Hors délais
A42: 26 | B42: 46036 | C42: N°0066911 du 14-01-2026 | D42: Structure fictive 11 | E42: REF-A N°005589 du 14-01-2026 | F42: REF-B N°009138 du 14-01-2026 | G42: Ordinaire | H42: =IFERROR(VLOOKUP(G42,Paramètres!$B$6:$F$8,2,FALSE()),"") -> 5 | I42: Transmission d'un rapport annuel fictif | J42: DSSE | K42: 46036 | L42: 46037 | M42: Suivi | N42: Agent DSSE n°2 | O42: 46041 | P42: =IF(G42="Ne nécessite pas de réponse","-",IF(AND(ISNUMBER(B42),ISNUMBER(O42)),O42-B42,"")) -> 5 | Q42: =IF(G42="Ne nécessite pas de réponse","-",IF(O42<>"","-",IF(OR(B42="",H42="",NOT(ISNUMBER(H42)),H42=0),"",IF((TODAY()-B42)/H42<=0.5,"VERT",IF((TODAY()-B42)/H42<=0.8,"JAUNE","ROUGE"))))) -> - | R42: =IFERROR(VLOOKUP(G42,Paramètres!$B$6:$F$8,3,FALSE()),"") -> 2 | S42: =IF(G42="Ne nécessite pas de réponse","-",IF(O42="","",IF(T42<>"","-",IF(OR(R42="",NOT(ISNUMBER(R42)),R42=0),"",IF((TODAY()-O42)/R42<=0.5,"VERT",IF((TODAY()-O42)/R42<=0.8,"JAUNE","ROUGE")))))) -> - | T42: 46042 | U42: =IF(G42="Ne nécessite pas de réponse","-",IF(AND(ISNUMBER(O42),ISNUMBER(T42)),T42-O42,"")) -> 1 | V42: =IF(G42="Ne nécessite pas de réponse","-",IF(AND(ISNUMBER(T42),ISNUMBER(B42),ISNUMBER(H42),ISNUMBER(R42)),T42-(B42+H42+R42),"")) -> -1 | W42: =IF(G42="Ne nécessite pas de réponse","Ne nécessite pas de réponse",IF(T42="","",IF(V42<=0,"Dans les délais","Hors délais"))) -> Dans les délais
A43: 27 | B43: 46036 | C43: N°0055573 du 14-01-2026 | D43: Structure fictive 06 | F43: REF-B N°001909 du 14-01-2026 | G43: Ordinaire | H43: =IFERROR(VLOOKUP(G43,Paramètres!$B$6:$F$8,2,FALSE()),"") -> 5 | I43: Transmission d'un état récapitulatif fictif | J43: DSSE | K43: 46037 | L43: 46037 | N43: Agent DSSE n°2 | O43: 46045 | P43: =IF(G43="Ne nécessite pas de réponse","-",IF(AND(ISNUMBER(B43),ISNUMBER(O43)),O43-B43,"")) -> 9 | Q43: =IF(G43="Ne nécessite pas de réponse","-",IF(O43<>"","-",IF(OR(B43="",H43="",NOT(ISNUMBER(H43)),H43=0),"",IF((TODAY()-B43)/H43<=0.5,"VERT",IF((TODAY()-B43)/H43<=0.8,"JAUNE","ROUGE"))))) -> - | R43: =IFERROR(VLOOKUP(G43,Paramètres!$B$6:$F$8,3,FALSE()),"") -> 2 | S43: =IF(G43="Ne nécessite pas de réponse","-",IF(O43="","",IF(T43<>"","-",IF(OR(R43="",NOT(ISNUMBER(R43)),R43=0),"",IF((TODAY()-O43)/R43<=0.5,"VERT",IF((TODAY()-O43)/R43<=0.8,"JAUNE","ROUGE")))))) -> - | T43: 46048 | U43: =IF(G43="Ne nécessite pas de réponse","-",IF(AND(ISNUMBER(O43),ISNUMBER(T43)),T43-O43,"")) -> 3 | V43: =IF(G43="Ne nécessite pas de réponse","-",IF(AND(ISNUMBER(T43),ISNUMBER(B43),ISNUMBER(H43),ISNUMBER(R43)),T43-(B43+H43+R43),"")) -> 5 | W43: =IF(G43="Ne nécessite pas de réponse","Ne nécessite pas de réponse",IF(T43="","",IF(V43<=0,"Dans les délais","Hors délais"))) -> Hors délais
A44: 28 | B44: 46037 | C44: N°0051750 du 15-01-2026 | D44: Structure fictive 12 | F44: REF-B N°004748 du 15-01-2026 | G44: Ne nécessite pas de réponse | H44: =IFERROR(VLOOKUP(G44,Paramètres!$B$6:$F$8,2,FALSE()),"") -> N/A | I44: Demande de désignation d'un point focal (test) | J44: DP | K44: 46038 | L44: 46038 | M44: Suivi | N44: Agent DP n°2 | P44: =IF(G44="Ne nécessite pas de réponse","-",IF(AND(ISNUMBER(B44),ISNUMBER(O44)),O44-B44,"")) -> - | Q44: =IF(G44="Ne nécessite pas de réponse","-",IF(O44<>"","-",IF(OR(B44="",H44="",NOT(ISNUMBER(H44)),H44=0),"",IF((TODAY()-B44)/H44<=0.5,"VERT",IF((TODAY()-B44)/H44<=0.8,"JAUNE","ROUGE"))))) -> - | R44: =IFERROR(VLOOKUP(G44,Paramètres!$B$6:$F$8,3,FALSE()),"") -> N/A | S44: =IF(G44="Ne nécessite pas de réponse","-",IF(O44="","",IF(T44<>"","-",IF(OR(R44="",NOT(ISNUMBER(R44)),R44=0),"",IF((TODAY()-O44)/R44<=0.5,"VERT",IF((TODAY()-O44)/R44<=0.8,"JAUNE","ROUGE")))))) -> - | U44: =IF(G44="Ne nécessite pas de réponse","-",IF(AND(ISNUMBER(O44),ISNUMBER(T44)),T44-O44,"")) -> - | V44: =IF(G44="Ne nécessite pas de réponse","-",IF(AND(ISNUMBER(T44),ISNUMBER(B44),ISNUMBER(H44),ISNUMBER(R44)),T44-(B44+H44+R44),"")) -> - | W44: =IF(G44="Ne nécessite pas de réponse","Ne nécessite pas de réponse",IF(T44="","",IF(V44<=0,"Dans les délais","Hors délais"))) -> Ne nécessite pas de réponse
A45: 29 | B45: 46037 | C45: N°0003899 du 15-01-2026 | D45: Structure fictive 19 | F45: REF-B N°003698 du 15-01-2026 | G45: Ordinaire | H45: =IFERROR(VLOOKUP(G45,Paramètres!$B$6:$F$8,2,FALSE()),"") -> 5 | I45: Transmission d'un rapport annuel fictif | J45: DSSE | K45: 46038 | L45: 46038 | M45: Suivi | N45: Agent DSSE n°2 | O45: 46043 | P45: =IF(G45="Ne nécessite pas de réponse","-",IF(AND(ISNUMBER(B45),ISNUMBER(O45)),O45-B45,"")) -> 6 | Q45: =IF(G45="Ne nécessite pas de réponse","-",IF(O45<>"","-",IF(OR(B45="",H45="",NOT(ISNUMBER(H45)),H45=0),"",IF((TODAY()-B45)/H45<=0.5,"VERT",IF((TODAY()-B45)/H45<=0.8,"JAUNE","ROUGE"))))) -> - | R45: =IFERROR(VLOOKUP(G45,Paramètres!$B$6:$F$8,3,FALSE()),"") -> 2 | S45: =IF(G45="Ne nécessite pas de réponse","-",IF(O45="","",IF(T45<>"","-",IF(OR(R45="",NOT(ISNUMBER(R45)),R45=0),"",IF((TODAY()-O45)/R45<=0.5,"VERT",IF((TODAY()-O45)/R45<=0.8,"JAUNE","ROUGE")))))) -> - | T45: 46044 | U45: =IF(G45="Ne nécessite pas de réponse","-",IF(AND(ISNUMBER(O45),ISNUMBER(T45)),T45-O45,"")) -> 1 | V45: =IF(G45="Ne nécessite pas de réponse","-",IF(AND(ISNUMBER(T45),ISNUMBER(B45),ISNUMBER(H45),ISNUMBER(R45)),T45-(B45+H45+R45),"")) -> 0 | W45: =IF(G45="Ne nécessite pas de réponse","Ne nécessite pas de réponse",IF(T45="","",IF(V45<=0,"Dans les délais","Hors délais"))) -> Dans les délais
A46: 30 | B46: 46038 | C46: N°0013487 du 16-01-2026 | D46: Structure fictive 03 | F46: REF-B N°008113 du 16-01-2026 | G46: Ordinaire | H46: =IFERROR(VLOOKUP(G46,Paramètres!$B$6:$F$8,2,FALSE()),"") -> 5 | I46: Transmission d'un état récapitulatif fictif | J46: DSSE | K46: 46041 | L46: 46041 | M46: Suivi | N46: Agent DSSE n°3 | O46: 46051 | P46: =IF(G46="Ne nécessite pas de réponse","-",IF(AND(ISNUMBER(B46),ISNUMBER(O46)),O46-B46,"")) -> 13 | Q46: =IF(G46="Ne nécessite pas de réponse","-",IF(O46<>"","-",IF(OR(B46="",H46="",NOT(ISNUMBER(H46)),H46=0),"",IF((TODAY()-B46)/H46<=0.5,"VERT",IF((TODAY()-B46)/H46<=0.8,"JAUNE","ROUGE"))))) -> - | R46: =IFERROR(VLOOKUP(G46,Paramètres!$B$6:$F$8,3,FALSE()),"") -> 2 | S46: =IF(G46="Ne nécessite pas de réponse","-",IF(O46="","",IF(T46<>"","-",IF(OR(R46="",NOT(ISNUMBER(R46)),R46=0),"",IF((TODAY()-O46)/R46<=0.5,"VERT",IF((TODAY()-O46)/R46<=0.8,"JAUNE","ROUGE")))))) -> - | T46: 46055 | U46: =IF(G46="Ne nécessite pas de réponse","-",IF(AND(ISNUMBER(O46),ISNUMBER(T46)),T46-O46,"")) -> 4 | V46: =IF(G46="Ne nécessite pas de réponse","-",IF(AND(ISNUMBER(T46),ISNUMBER(B46),ISNUMBER(H46),ISNUMBER(R46)),T46-(B46+H46+R46),"")) -> 10 | W46: =IF(G46="Ne nécessite pas de réponse","Ne nécessite pas de réponse",IF(T46="","",IF(V46<=0,"Dans les délais","Hors délais"))) -> Hors délais
A47: 31 | B47: 46038 | C47: N°0038445 du 16-01-2026 | D47: Structure fictive 19 | F47: REF-B N°004752 du 16-01-2026 | G47: Ordinaire | H47: =IFERROR(VLOOKUP(G47,Paramètres!$B$6:$F$8,2,FALSE()),"") -> 5 | I47: Transmission d'un rapport annuel fictif | J47: DSSE | K47: 46038 | L47: 46041 | N47: Agent DSSE n°3 | O47: 46048 | P47: =IF(G47="Ne nécessite pas de réponse","-",IF(AND(ISNUMBER(B47),ISNUMBER(O47)),O47-B47,"")) -> 10 | Q47: =IF(G47="Ne nécessite pas de réponse","-",IF(O47<>"","-",IF(OR(B47="",H47="",NOT(ISNUMBER(H47)),H47=0),"",IF((TODAY()-B47)/H47<=0.5,"VERT",IF((TODAY()-B47)/H47<=0.8,"JAUNE","ROUGE"))))) -> - | R47: =IFERROR(VLOOKUP(G47,Paramètres!$B$6:$F$8,3,FALSE()),"") -> 2 | S47: =IF(G47="Ne nécessite pas de réponse","-",IF(O47="","",IF(T47<>"","-",IF(OR(R47="",NOT(ISNUMBER(R47)),R47=0),"",IF((TODAY()-O47)/R47<=0.5,"VERT",IF((TODAY()-O47)/R47<=0.8,"JAUNE","ROUGE")))))) -> - | T47: 46048 | U47: =IF(G47="Ne nécessite pas de réponse","-",IF(AND(ISNUMBER(O47),ISNUMBER(T47)),T47-O47,"")) -> 0 | V47: =IF(G47="Ne nécessite pas de réponse","-",IF(AND(ISNUMBER(T47),ISNUMBER(B47),ISNUMBER(H47),ISNUMBER(R47)),T47-(B47+H47+R47),"")) -> 3 | W47: =IF(G47="Ne nécessite pas de réponse","Ne nécessite pas de réponse",IF(T47="","",IF(V47<=0,"Dans les délais","Hors délais"))) -> Hors délais
A48: 32 | B48: 46041 | C48: N°0088669 du 19-01-2026 | D48: Structure fictive 02 | F48: REF-B N°005642 du 19-01-2026 | G48: Ne nécessite pas de réponse | H48: =IFERROR(VLOOKUP(G48,Paramètres!$B$6:$F$8,2,FALSE()),"") -> N/A | I48: Transmission d'un tableau de suivi fictif | J48: DP | K48: 46041 | L48: 46041 | N48: Agent DP n°1 | P48: =IF(G48="Ne nécessite pas de réponse","-",IF(AND(ISNUMBER(B48),ISNUMBER(O48)),O48-B48,"")) -> - | Q48: =IF(G48="Ne nécessite pas de réponse","-",IF(O48<>"","-",IF(OR(B48="",H48="",NOT(ISNUMBER(H48)),H48=0),"",IF((TODAY()-B48)/H48<=0.5,"VERT",IF((TODAY()-B48)/H48<=0.8,"JAUNE","ROUGE"))))) -> - | R48: =IFERROR(VLOOKUP(G48,Paramètres!$B$6:$F$8,3,FALSE()),"") -> N/A | S48: =IF(G48="Ne nécessite pas de réponse","-",IF(O48="","",IF(T48<>"","-",IF(OR(R48="",NOT(ISNUMBER(R48)),R48=0),"",IF((TODAY()-O48)/R48<=0.5,"VERT",IF((TODAY()-O48)/R48<=0.8,"JAUNE","ROUGE")))))) -> - | U48: =IF(G48="Ne nécessite pas de réponse","-",IF(AND(ISNUMBER(O48),ISNUMBER(T48)),T48-O48,"")) -> - | V48: =IF(G48="Ne nécessite pas de réponse","-",IF(AND(ISNUMBER(T48),ISNUMBER(B48),ISNUMBER(H48),ISNUMBER(R48)),T48-(B48+H48+R48),"")) -> - | W48: =IF(G48="Ne nécessite pas de réponse","Ne nécessite pas de réponse",IF(T48="","",IF(V48<=0,"Dans les délais","Hors délais"))) -> Ne nécessite pas de réponse
A49: 33 | B49: 46041 | C49: N°0038702 du 19-01-2026 | D49: Structure fictive 07 | E49: REF-A N°009978 du 19-01-2026 | F49: REF-B N°002636 du 19-01-2026 | G49: Ordinaire | H49: =IFERROR(VLOOKUP(G49,Paramètres!$B$6:$F$8,2,FALSE()),"") -> 5 | I49: Transmission d'un état récapitulatif fictif | J49: DSSE | K49: 46042 | L49: 46042 | M49: Suivi | N49: Agent DSSE n°1 | O49: 46045 | P49: =IF(G49="Ne nécessite pas de réponse","-",IF(AND(ISNUMBER(B49),ISNUMBER(O49)),O49-B49,"")) -> 4 | Q49: =IF(G49="Ne nécessite pas de réponse","-",IF(O49<>"","-",IF(OR(B49="",H49="",NOT(ISNUMBER(H49)),H49=0),"",IF((TODAY()-B49)/H49<=0.5,"VERT",IF((TODAY()-B49)/H49<=0.8,"JAUNE","ROUGE"))))) -> - | R49: =IFERROR(VLOOKUP(G49,Paramètres!$B$6:$F$8,3,FALSE()),"") -> 2 | S49: =IF(G49="Ne nécessite pas de réponse","-",IF(O49="","",IF(T49<>"","-",IF(OR(R49="",NOT(ISNUMBER(R49)),R49=0),"",IF((TODAY()-O49)/R49<=0.5,"VERT",IF((TODAY()-O49)/R49<=0.8,"JAUNE","ROUGE")))))) -> - | T49: 46048 | U49: =IF(G49="Ne nécessite pas de réponse","-",IF(AND(ISNUMBER(O49),ISNUMBER(T49)),T49-O49,"")) -> 3 | V49: =IF(G49="Ne nécessite pas de réponse","-",IF(AND(ISNUMBER(T49),ISNUMBER(B49),ISNUMBER(H49),ISNUMBER(R49)),T49-(B49+H49+R49),"")) -> 0 | W49: =IF(G49="Ne nécessite pas de réponse","Ne nécessite pas de réponse",IF(T49="","",IF(V49<=0,"Dans les délais","Hors délais"))) -> Dans les délais
A50: 34 | B50: 46041 | C50: N°0062222 du 19-01-2026 | D50: Structure fictive 08 | F50: REF-B N°000481 du 19-01-2026 | G50: Ordinaire | H50: =IFERROR(VLOOKUP(G50,Paramètres!$B$6:$F$8,2,FALSE()),"") -> 5 | I50: Transmission d'un rapport trimestriel fictif | J50: DSSE | K50: 46041 | L50: 46041 | M50: Analyse et proposition de réponse | N50: Agent DSSE n°2 | O50: 46044 | P50: =IF(G50="Ne nécessite pas de réponse","-",IF(AND(ISNUMBER(B50),ISNUMBER(O50)),O50-B50,"")) -> 3 | Q50: =IF(G50="Ne nécessite pas de réponse","-",IF(O50<>"","-",IF(OR(B50="",H50="",NOT(ISNUMBER(H50)),H50=0),"",IF((TODAY()-B50)/H50<=0.5,"VERT",IF((TODAY()-B50)/H50<=0.8,"JAUNE","ROUGE"))))) -> - | R50: =IFERROR(VLOOKUP(G50,Paramètres!$B$6:$F$8,3,FALSE()),"") -> 2 | S50: =IF(G50="Ne nécessite pas de réponse","-",IF(O50="","",IF(T50<>"","-",IF(OR(R50="",NOT(ISNUMBER(R50)),R50=0),"",IF((TODAY()-O50)/R50<=0.5,"VERT",IF((TODAY()-O50)/R50<=0.8,"JAUNE","ROUGE")))))) -> - | T50: 46045 | U50: =IF(G50="Ne nécessite pas de réponse","-",IF(AND(ISNUMBER(O50),ISNUMBER(T50)),T50-O50,"")) -> 1 | V50: =IF(G50="Ne nécessite pas de réponse","-",IF(AND(ISNUMBER(T50),ISNUMBER(B50),ISNUMBER(H50),ISNUMBER(R50)),T50-(B50+H50+R50),"")) -> -3 | W50: =IF(G50="Ne nécessite pas de réponse","Ne nécessite pas de réponse",IF(T50="","",IF(V50<=0,"Dans les délais","Hors délais"))) -> Dans les délais
A51: 35 | B51: 46041 | C51: N°0014769 du 19-01-2026 | D51: Structure fictive 15 | F51: REF-B N°000421 du 19-01-2026 | G51: Ordinaire | H51: =IFERROR(VLOOKUP(G51,Paramètres!$B$6:$F$8,2,FALSE()),"") -> 5 | I51: Note de présentation d'un projet fictif | J51: DP | K51: 46041 | L51: 46041 | M51: À traiter en priorité | N51: Agent DP n°2 | O51: 46057 | P51: =IF(G51="Ne nécessite pas de réponse","-",IF(AND(ISNUMBER(B51),ISNUMBER(O51)),O51-B51,"")) -> 16 | Q51: =IF(G51="Ne nécessite pas de réponse","-",IF(O51<>"","-",IF(OR(B51="",H51="",NOT(ISNUMBER(H51)),H51=0),"",IF((TODAY()-B51)/H51<=0.5,"VERT",IF((TODAY()-B51)/H51<=0.8,"JAUNE","ROUGE"))))) -> - | R51: =IFERROR(VLOOKUP(G51,Paramètres!$B$6:$F$8,3,FALSE()),"") -> 2 | S51: =IF(G51="Ne nécessite pas de réponse","-",IF(O51="","",IF(T51<>"","-",IF(OR(R51="",NOT(ISNUMBER(R51)),R51=0),"",IF((TODAY()-O51)/R51<=0.5,"VERT",IF((TODAY()-O51)/R51<=0.8,"JAUNE","ROUGE")))))) -> - | T51: 46057 | U51: =IF(G51="Ne nécessite pas de réponse","-",IF(AND(ISNUMBER(O51),ISNUMBER(T51)),T51-O51,"")) -> 0 | V51: =IF(G51="Ne nécessite pas de réponse","-",IF(AND(ISNUMBER(T51),ISNUMBER(B51),ISNUMBER(H51),ISNUMBER(R51)),T51-(B51+H51+R51),"")) -> 9 | W51: =IF(G51="Ne nécessite pas de réponse","Ne nécessite pas de réponse",IF(T51="","",IF(V51<=0,"Dans les délais","Hors délais"))) -> Hors délais
A52: 36 | B52: 46042 | C52: N°0001664 du 20-01-2026 | D52: Structure fictive 04 | F52: REF-B N°000298 du 20-01-2026 | G52: Ne nécessite pas de réponse | H52: =IFERROR(VLOOKUP(G52,Paramètres!$B$6:$F$8,2,FALSE()),"") -> N/A | I52: Transmission d'un rapport annuel fictif | J52: DSSE | K52: 46042 | L52: 46042 | M52: À traiter en priorité | N52: Agent DSSE n°3 | P52: =IF(G52="Ne nécessite pas de réponse","-",IF(AND(ISNUMBER(B52),ISNUMBER(O52)),O52-B52,"")) -> - | Q52: =IF(G52="Ne nécessite pas de réponse","-",IF(O52<>"","-",IF(OR(B52="",H52="",NOT(ISNUMBER(H52)),H52=0),"",IF((TODAY()-B52)/H52<=0.5,"VERT",IF((TODAY()-B52)/H52<=0.8,"JAUNE","ROUGE"))))) -> - | R52: =IFERROR(VLOOKUP(G52,Paramètres!$B$6:$F$8,3,FALSE()),"") -> N/A | S52: =IF(G52="Ne nécessite pas de réponse","-",IF(O52="","",IF(T52<>"","-",IF(OR(R52="",NOT(ISNUMBER(R52)),R52=0),"",IF((TODAY()-O52)/R52<=0.5,"VERT",IF((TODAY()-O52)/R52<=0.8,"JAUNE","ROUGE")))))) -> - | U52: =IF(G52="Ne nécessite pas de réponse","-",IF(AND(ISNUMBER(O52),ISNUMBER(T52)),T52-O52,"")) -> - | V52: =IF(G52="Ne nécessite pas de réponse","-",IF(AND(ISNUMBER(T52),ISNUMBER(B52),ISNUMBER(H52),ISNUMBER(R52)),T52-(B52+H52+R52),"")) -> - | W52: =IF(G52="Ne nécessite pas de réponse","Ne nécessite pas de réponse",IF(T52="","",IF(V52<=0,"Dans les délais","Hors délais"))) -> Ne nécessite pas de réponse
A53: 37 | B53: 46042 | C53: N°0059401 du 20-01-2026 | D53: Structure fictive 15 | E53: REF-A N°016700 du 20-01-2026 | F53: REF-B N°002129 du 20-01-2026 | G53: Confidentiel | H53: =IFERROR(VLOOKUP(G53,Paramètres!$B$6:$F$8,2,FALSE()),"") -> 5 | I53: Demande de validation d'un document fictif | J53: DP | K53: 46042 | L53: 46043 | M53: Préparer une note de réponse synthétique | N53: Agent DP n°1 | O53: 46051 | P53: =IF(G53="Ne nécessite pas de réponse","-",IF(AND(ISNUMBER(B53),ISNUMBER(O53)),O53-B53,"")) -> 9 | Q53: =IF(G53="Ne nécessite pas de réponse","-",IF(O53<>"","-",IF(OR(B53="",H53="",NOT(ISNUMBER(H53)),H53=0),"",IF((TODAY()-B53)/H53<=0.5,"VERT",IF((TODAY()-B53)/H53<=0.8,"JAUNE","ROUGE"))))) -> - | R53: =IFERROR(VLOOKUP(G53,Paramètres!$B$6:$F$8,3,FALSE()),"") -> 2 | S53: =IF(G53="Ne nécessite pas de réponse","-",IF(O53="","",IF(T53<>"","-",IF(OR(R53="",NOT(ISNUMBER(R53)),R53=0),"",IF((TODAY()-O53)/R53<=0.5,"VERT",IF((TODAY()-O53)/R53<=0.8,"JAUNE","ROUGE")))))) -> - | T53: 46051 | U53: =IF(G53="Ne nécessite pas de réponse","-",IF(AND(ISNUMBER(O53),ISNUMBER(T53)),T53-O53,"")) -> 0 | V53: =IF(G53="Ne nécessite pas de réponse","-",IF(AND(ISNUMBER(T53),ISNUMBER(B53),ISNUMBER(H53),ISNUMBER(R53)),T53-(B53+H53+R53),"")) -> 2 | W53: =IF(G53="Ne nécessite pas de réponse","Ne nécessite pas de réponse",IF(T53="","",IF(V53<=0,"Dans les délais","Hors délais"))) -> Hors délais
A54: 38 | B54: 46042 | C54: N°0099745 du 20-01-2026 | D54: Structure fictive 08 | E54: REF-A N°013258 du 20-01-2026 | F54: REF-B N°002418 du 20-01-2026 | G54: Ordinaire | H54: =IFERROR(VLOOKUP(G54,Paramètres!$B$6:$F$8,2,FALSE()),"") -> 5 | I54: Examen d'un document de planification fictif | J54: DSSE | K54: 46043 | L54: 46043 | N54: Agent DSSE n°2 | O54: 46051 | P54: =IF(G54="Ne nécessite pas de réponse","-",IF(AND(ISNUMBER(B54),ISNUMBER(O54)),O54-B54,"")) -> 9 | Q54: =IF(G54="Ne nécessite pas de réponse","-",IF(O54<>"","-",IF(OR(B54="",H54="",NOT(ISNUMBER(H54)),H54=0),"",IF((TODAY()-B54)/H54<=0.5,"VERT",IF((TODAY()-B54)/H54<=0.8,"JAUNE","ROUGE"))))) -> - | R54: =IFERROR(VLOOKUP(G54,Paramètres!$B$6:$F$8,3,FALSE()),"") -> 2 | S54: =IF(G54="Ne nécessite pas de réponse","-",IF(O54="","",IF(T54<>"","-",IF(OR(R54="",NOT(ISNUMBER(R54)),R54=0),"",IF((TODAY()-O54)/R54<=0.5,"VERT",IF((TODAY()-O54)/R54<=0.8,"JAUNE","ROUGE")))))) -> - | T54: 46052 | U54: =IF(G54="Ne nécessite pas de réponse","-",IF(AND(ISNUMBER(O54),ISNUMBER(T54)),T54-O54,"")) -> 1 | V54: =IF(G54="Ne nécessite pas de réponse","-",IF(AND(ISNUMBER(T54),ISNUMBER(B54),ISNUMBER(H54),ISNUMBER(R54)),T54-(B54+H54+R54),"")) -> 3 | W54: =IF(G54="Ne nécessite pas de réponse","Ne nécessite pas de réponse",IF(T54="","",IF(V54<=0,"Dans les délais","Hors délais"))) -> Hors délais
A55: 39 | B55: 46042 | C55: N°0075412 du 20-01-2026 | D55: Structure fictive 05 | F55: REF-B N°000182 du 20-01-2026 | G55: Ne nécessite pas de réponse | H55: =IFERROR(VLOOKUP(G55,Paramètres!$B$6:$F$8,2,FALSE()),"") -> N/A | I55: Transmission d'un rapport annuel fictif | J55: DSSE | K55: 46042 | L55: 46042 | M55: Examen et avis motivé | N55: Agent DSSE n°2 | P55: =IF(G55="Ne nécessite pas de réponse","-",IF(AND(ISNUMBER(B55),ISNUMBER(O55)),O55-B55,"")) -> - | Q55: =IF(G55="Ne nécessite pas de réponse","-",IF(O55<>"","-",IF(OR(B55="",H55="",NOT(ISNUMBER(H55)),H55=0),"",IF((TODAY()-B55)/H55<=0.5,"VERT",IF((TODAY()-B55)/H55<=0.8,"JAUNE","ROUGE"))))) -> - | R55: =IFERROR(VLOOKUP(G55,Paramètres!$B$6:$F$8,3,FALSE()),"") -> N/A | S55: =IF(G55="Ne nécessite pas de réponse","-",IF(O55="","",IF(T55<>"","-",IF(OR(R55="",NOT(ISNUMBER(R55)),R55=0),"",IF((TODAY()-O55)/R55<=0.5,"VERT",IF((TODAY()-O55)/R55<=0.8,"JAUNE","ROUGE")))))) -> - | U55: =IF(G55="Ne nécessite pas de réponse","-",IF(AND(ISNUMBER(O55),ISNUMBER(T55)),T55-O55,"")) -> - | V55: =IF(G55="Ne nécessite pas de réponse","-",IF(AND(ISNUMBER(T55),ISNUMBER(B55),ISNUMBER(H55),ISNUMBER(R55)),T55-(B55+H55+R55),"")) -> - | W55: =IF(G55="Ne nécessite pas de réponse","Ne nécessite pas de réponse",IF(T55="","",IF(V55<=0,"Dans les délais","Hors délais"))) -> Ne nécessite pas de réponse
A56: 40 | B56: 46042 | C56: N°0043345 du 20-01-2026 | D56: Structure fictive 13 | F56: REF-B N°006556 du 20-01-2026 | G56: Ordinaire | H56: =IFERROR(VLOOKUP(G56,Paramètres!$B$6:$F$8,2,FALSE()),"") -> 5 | I56: Demande d'information sur un dossier de test | J56: DRI | K56: 46042 | L56: 46042 | M56: Examen et avis motivé | N56: Agent DRI n°1 | O56: 46049 | P56: =IF(G56="Ne nécessite pas de réponse","-",IF(AND(ISNUMBER(B56),ISNUMBER(O56)),O56-B56,"")) -> 7 | Q56: =IF(G56="Ne nécessite pas de réponse","-",IF(O56<>"","-",IF(OR(B56="",H56="",NOT(ISNUMBER(H56)),H56=0),"",IF((TODAY()-B56)/H56<=0.5,"VERT",IF((TODAY()-B56)/H56<=0.8,"JAUNE","ROUGE"))))) -> - | R56: =IFERROR(VLOOKUP(G56,Paramètres!$B$6:$F$8,3,FALSE()),"") -> 2 | S56: =IF(G56="Ne nécessite pas de réponse","-",IF(O56="","",IF(T56<>"","-",IF(OR(R56="",NOT(ISNUMBER(R56)),R56=0),"",IF((TODAY()-O56)/R56<=0.5,"VERT",IF((TODAY()-O56)/R56<=0.8,"JAUNE","ROUGE")))))) -> - | T56: 46050 | U56: =IF(G56="Ne nécessite pas de réponse","-",IF(AND(ISNUMBER(O56),ISNUMBER(T56)),T56-O56,"")) -> 1 | V56: =IF(G56="Ne nécessite pas de réponse","-",IF(AND(ISNUMBER(T56),ISNUMBER(B56),ISNUMBER(H56),ISNUMBER(R56)),T56-(B56+H56+R56),"")) -> 1 | W56: =IF(G56="Ne nécessite pas de réponse","Ne nécessite pas de réponse",IF(T56="","",IF(V56<=0,"Dans les délais","Hors délais"))) -> Hors délais
A57: 41 | B57: 46042 | C57: N°0049862 du 20-01-2026 | D57: Structure fictive 16 | F57: REF-B N°006924 du 20-01-2026 | G57: Confidentiel | H57: =IFERROR(VLOOKUP(G57,Paramètres!$B$6:$F$8,2,FALSE()),"") -> 5 | I57: Transmission d'un rapport annuel fictif | J57: DSSE | K57: 46042 | L57: 46042 | M57: À traiter en priorité | N57: Agent DSSE n°1 | O57: 46045 | P57: =IF(G57="Ne nécessite pas de réponse","-",IF(AND(ISNUMBER(B57),ISNUMBER(O57)),O57-B57,"")) -> 3 | Q57: =IF(G57="Ne nécessite pas de réponse","-",IF(O57<>"","-",IF(OR(B57="",H57="",NOT(ISNUMBER(H57)),H57=0),"",IF((TODAY()-B57)/H57<=0.5,"VERT",IF((TODAY()-B57)/H57<=0.8,"JAUNE","ROUGE"))))) -> - | R57: =IFERROR(VLOOKUP(G57,Paramètres!$B$6:$F$8,3,FALSE()),"") -> 2 | S57: =IF(G57="Ne nécessite pas de réponse","-",IF(O57="","",IF(T57<>"","-",IF(OR(R57="",NOT(ISNUMBER(R57)),R57=0),"",IF((TODAY()-O57)/R57<=0.5,"VERT",IF((TODAY()-O57)/R57<=0.8,"JAUNE","ROUGE")))))) -> - | T57: 46049 | U57: =IF(G57="Ne nécessite pas de réponse","-",IF(AND(ISNUMBER(O57),ISNUMBER(T57)),T57-O57,"")) -> 4 | V57: =IF(G57="Ne nécessite pas de réponse","-",IF(AND(ISNUMBER(T57),ISNUMBER(B57),ISNUMBER(H57),ISNUMBER(R57)),T57-(B57+H57+R57),"")) -> 0 | W57: =IF(G57="Ne nécessite pas de réponse","Ne nécessite pas de réponse",IF(T57="","",IF(V57<=0,"Dans les délais","Hors délais"))) -> Dans les délais
A58: 42 | B58: 46042 | C58: N°0014642 du 20-01-2026 | D58: Structure fictive 15 | F58: REF-B N°008272 du 20-01-2026 | G58: Ordinaire | H58: =IFERROR(VLOOKUP(G58,Paramètres!$B$6:$F$8,2,FALSE()),"") -> 5 | I58: Transmission de pièces justificatives fictives | J58: DSSE | K58: 46042 | L58: 46043 | M58: Préparer une note de réponse synthétique | N58: Agent DSSE n°1 | O58: 46045 | P58: =IF(G58="Ne nécessite pas de réponse","-",IF(AND(ISNUMBER(B58),ISNUMBER(O58)),O58-B58,"")) -> 3 | Q58: =IF(G58="Ne nécessite pas de réponse","-",IF(O58<>"","-",IF(OR(B58="",H58="",NOT(ISNUMBER(H58)),H58=0),"",IF((TODAY()-B58)/H58<=0.5,"VERT",IF((TODAY()-B58)/H58<=0.8,"JAUNE","ROUGE"))))) -> - | R58: =IFERROR(VLOOKUP(G58,Paramètres!$B$6:$F$8,3,FALSE()),"") -> 2 | S58: =IF(G58="Ne nécessite pas de réponse","-",IF(O58="","",IF(T58<>"","-",IF(OR(R58="",NOT(ISNUMBER(R58)),R58=0),"",IF((TODAY()-O58)/R58<=0.5,"VERT",IF((TODAY()-O58)/R58<=0.8,"JAUNE","ROUGE")))))) -> - | T58: 46052 | U58: =IF(G58="Ne nécessite pas de réponse","-",IF(AND(ISNUMBER(O58),ISNUMBER(T58)),T58-O58,"")) -> 7 | V58: =IF(G58="Ne nécessite pas de réponse","-",IF(AND(ISNUMBER(T58),ISNUMBER(B58),ISNUMBER(H58),ISNUMBER(R58)),T58-(B58+H58+R58),"")) -> 3 | W58: =IF(G58="Ne nécessite pas de réponse","Ne nécessite pas de réponse",IF(T58="","",IF(V58<=0,"Dans les délais","Hors délais"))) -> Hors délais
A59: 43 | B59: 46043 | C59: N°0078609 du 21-01-2026 | D59: Structure fictive 07 | E59: REF-A N°019011 du 21-01-2026 | F59: REF-B N°004158 du 21-01-2026 | G59: Confidentiel | H59: =IFERROR(VLOOKUP(G59,Paramètres!$B$6:$F$8,2,FALSE()),"") -> 5 | I59: Demande de point de situation sur un dossier fictif | J59: DP | K59: 46043 | L59: 46043 | M59: Suivi | N59: Agent DP n°3 | O59: 46049 | P59: =IF(G59="Ne nécessite pas de réponse","-",IF(AND(ISNUMBER(B59),ISNUMBER(O59)),O59-B59,"")) -> 6 | Q59: =IF(G59="Ne nécessite pas de réponse","-",IF(O59<>"","-",IF(OR(B59="",H59="",NOT(ISNUMBER(H59)),H59=0),"",IF((TODAY()-B59)/H59<=0.5,"VERT",IF((TODAY()-B59)/H59<=0.8,"JAUNE","ROUGE"))))) -> - | R59: =IFERROR(VLOOKUP(G59,Paramètres!$B$6:$F$8,3,FALSE()),"") -> 2 | S59: =IF(G59="Ne nécessite pas de réponse","-",IF(O59="","",IF(T59<>"","-",IF(OR(R59="",NOT(ISNUMBER(R59)),R59=0),"",IF((TODAY()-O59)/R59<=0.5,"VERT",IF((TODAY()-O59)/R59<=0.8,"JAUNE","ROUGE")))))) -> - | T59: 46051 | U59: =IF(G59="Ne nécessite pas de réponse","-",IF(AND(ISNUMBER(O59),ISNUMBER(T59)),T59-O59,"")) -> 2 | V59: =IF(G59="Ne nécessite pas de réponse","-",IF(AND(ISNUMBER(T59),ISNUMBER(B59),ISNUMBER(H59),ISNUMBER(R59)),T59-(B59+H59+R59),"")) -> 1 | W59: =IF(G59="Ne nécessite pas de réponse","Ne nécessite pas de réponse",IF(T59="","",IF(V59<=0,"Dans les délais","Hors délais"))) -> Hors délais
A60: 44 | B60: 46044 | C60: N°0045113 du 22-01-2026 | D60: Structure fictive 19 | E60: REF-A N°016341 du 22-01-2026 | F60: REF-B N°007393 du 22-01-2026 | G60: Ordinaire | H60: =IFERROR(VLOOKUP(G60,Paramètres!$B$6:$F$8,2,FALSE()),"") -> 5 | I60: Transmission d'un rapport d'étape fictif | J60: DP | K60: 46045 | L60: 46045 | M60: Suivi | N60: Agent DP n°2 | O60: 46050 | P60: =IF(G60="Ne nécessite pas de réponse","-",IF(AND(ISNUMBER(B60),ISNUMBER(O60)),O60-B60,"")) -> 6 | Q60: =IF(G60="Ne nécessite pas de réponse","-",IF(O60<>"","-",IF(OR(B60="",H60="",NOT(ISNUMBER(H60)),H60=0),"",IF((TODAY()-B60)/H60<=0.5,"VERT",IF((TODAY()-B60)/H60<=0.8,"JAUNE","ROUGE"))))) -> - | R60: =IFERROR(VLOOKUP(G60,Paramètres!$B$6:$F$8,3,FALSE()),"") -> 2 | S60: =IF(G60="Ne nécessite pas de réponse","-",IF(O60="","",IF(T60<>"","-",IF(OR(R60="",NOT(ISNUMBER(R60)),R60=0),"",IF((TODAY()-O60)/R60<=0.5,"VERT",IF((TODAY()-O60)/R60<=0.8,"JAUNE","ROUGE")))))) -> - | T60: 46057 | U60: =IF(G60="Ne nécessite pas de réponse","-",IF(AND(ISNUMBER(O60),ISNUMBER(T60)),T60-O60,"")) -> 7 | V60: =IF(G60="Ne nécessite pas de réponse","-",IF(AND(ISNUMBER(T60),ISNUMBER(B60),ISNUMBER(H60),ISNUMBER(R60)),T60-(B60+H60+R60),"")) -> 6 | W60: =IF(G60="Ne nécessite pas de réponse","Ne nécessite pas de réponse",IF(T60="","",IF(V60<=0,"Dans les délais","Hors délais"))) -> Hors délais
A61: 45 | B61: 46044 | C61: N°0044645 du 22-01-2026 | D61: Structure fictive 03 | F61: REF-B N°004554 du 22-01-2026 | G61: Ordinaire | H61: =IFERROR(VLOOKUP(G61,Paramètres!$B$6:$F$8,2,FALSE()),"") -> 5 | I61: Transmission d'un rapport annuel fictif | J61: DSSE | K61: 46044 | L61: 46044 | N61: Agent DSSE n°3 | O61: 46049 | P61: =IF(G61="Ne nécessite pas de réponse","-",IF(AND(ISNUMBER(B61),ISNUMBER(O61)),O61-B61,"")) -> 5 | Q61: =IF(G61="Ne nécessite pas de réponse","-",IF(O61<>"","-",IF(OR(B61="",H61="",NOT(ISNUMBER(H61)),H61=0),"",IF((TODAY()-B61)/H61<=0.5,"VERT",IF((TODAY()-B61)/H61<=0.8,"JAUNE","ROUGE"))))) -> - | R61: =IFERROR(VLOOKUP(G61,Paramètres!$B$6:$F$8,3,FALSE()),"") -> 2 | S61: =IF(G61="Ne nécessite pas de réponse","-",IF(O61="","",IF(T61<>"","-",IF(OR(R61="",NOT(ISNUMBER(R61)),R61=0),"",IF((TODAY()-O61)/R61<=0.5,"VERT",IF((TODAY()-O61)/R61<=0.8,"JAUNE","ROUGE")))))) -> - | T61: 46051 | U61: =IF(G61="Ne nécessite pas de réponse","-",IF(AND(ISNUMBER(O61),ISNUMBER(T61)),T61-O61,"")) -> 2 | V61: =IF(G61="Ne nécessite pas de réponse","-",IF(AND(ISNUMBER(T61),ISNUMBER(B61),ISNUMBER(H61),ISNUMBER(R61)),T61-(B61+H61+R61),"")) -> 0 | W61: =IF(G61="Ne nécessite pas de réponse","Ne nécessite pas de réponse",IF(T61="","",IF(V61<=0,"Dans les délais","Hors délais"))) -> Dans les délais
A62: 46 | B62: 46044 | C62: N°0072759 du 22-01-2026 | D62: Structure fictive 11 | F62: REF-B N°008755 du 22-01-2026 | G62: Ordinaire | H62: =IFERROR(VLOOKUP(G62,Paramètres!$B$6:$F$8,2,FALSE()),"") -> 5 | I62: Demande de documents complémentaires (test) | J62: DRI | K62: 46044 | L62: 46045 | M62: Examen et avis motivé | N62: Agent DRI n°3 | O62: 46048 | P62: =IF(G62="Ne nécessite pas de réponse","-",IF(AND(ISNUMBER(B62),ISNUMBER(O62)),O62-B62,"")) -> 4 | Q62: =IF(G62="Ne nécessite pas de réponse","-",IF(O62<>"","-",IF(OR(B62="",H62="",NOT(ISNUMBER(H62)),H62=0),"",IF((TODAY()-B62)/H62<=0.5,"VERT",IF((TODAY()-B62)/H62<=0.8,"JAUNE","ROUGE"))))) -> - | R62: =IFERROR(VLOOKUP(G62,Paramètres!$B$6:$F$8,3,FALSE()),"") -> 2 | S62: =IF(G62="Ne nécessite pas de réponse","-",IF(O62="","",IF(T62<>"","-",IF(OR(R62="",NOT(ISNUMBER(R62)),R62=0),"",IF((TODAY()-O62)/R62<=0.5,"VERT",IF((TODAY()-O62)/R62<=0.8,"JAUNE","ROUGE")))))) -> - | T62: 46049 | U62: =IF(G62="Ne nécessite pas de réponse","-",IF(AND(ISNUMBER(O62),ISNUMBER(T62)),T62-O62,"")) -> 1 | V62: =IF(G62="Ne nécessite pas de réponse","-",IF(AND(ISNUMBER(T62),ISNUMBER(B62),ISNUMBER(H62),ISNUMBER(R62)),T62-(B62+H62+R62),"")) -> -2 | W62: =IF(G62="Ne nécessite pas de réponse","Ne nécessite pas de réponse",IF(T62="","",IF(V62<=0,"Dans les délais","Hors délais"))) -> Dans les délais
A63: 47 | B63: 46044 | C63: N°0048234 du 22-01-2026 | D63: Structure fictive 11 | E63: REF-A N°005929 du 22-01-2026 | F63: REF-B N°006850 du 22-01-2026 | G63: Ordinaire | H63: =IFERROR(VLOOKUP(G63,Paramètres!$B$6:$F$8,2,FALSE()),"") -> 5 | I63: Examen d'un document de planification fictif | J63: DSSE | K63: 46045 | L63: 46045 | M63: Vérifier la conformité avant signature | N63: Agent DSSE n°3 | O63: 46049 | P63: =IF(G63="Ne nécessite pas de réponse","-",IF(AND(ISNUMBER(B63),ISNUMBER(O63)),O63-B63,"")) -> 5 | Q63: =IF(G63="Ne nécessite pas de réponse","-",IF(O63<>"","-",IF(OR(B63="",H63="",NOT(ISNUMBER(H63)),H63=0),"",IF((TODAY()-B63)/H63<=0.5,"VERT",IF((TODAY()-B63)/H63<=0.8,"JAUNE","ROUGE"))))) -> - | R63: =IFERROR(VLOOKUP(G63,Paramètres!$B$6:$F$8,3,FALSE()),"") -> 2 | S63: =IF(G63="Ne nécessite pas de réponse","-",IF(O63="","",IF(T63<>"","-",IF(OR(R63="",NOT(ISNUMBER(R63)),R63=0),"",IF((TODAY()-O63)/R63<=0.5,"VERT",IF((TODAY()-O63)/R63<=0.8,"JAUNE","ROUGE")))))) -> - | T63: 46050 | U63: =IF(G63="Ne nécessite pas de réponse","-",IF(AND(ISNUMBER(O63),ISNUMBER(T63)),T63-O63,"")) -> 1 | V63: =IF(G63="Ne nécessite pas de réponse","-",IF(AND(ISNUMBER(T63),ISNUMBER(B63),ISNUMBER(H63),ISNUMBER(R63)),T63-(B63+H63+R63),"")) -> -1 | W63: =IF(G63="Ne nécessite pas de réponse","Ne nécessite pas de réponse",IF(T63="","",IF(V63<=0,"Dans les délais","Hors délais"))) -> Dans les délais
A64: 48 | B64: 46044 | C64: N°0099644 du 22-01-2026 | D64: Structure fictive 11 | E64: REF-A N°016094 du 22-01-2026 | F64: REF-B N°006299 du 22-01-2026 | G64: Ordinaire | H64: =IFERROR(VLOOKUP(G64,Paramètres!$B$6:$F$8,2,FALSE()),"") -> 5 | I64: Transmission d'une note d'orientation fictive | J64: DRI | K64: 46044 | L64: 46044 | N64: Agent DRI n°3 | O64: 46050 | P64: =IF(G64="Ne nécessite pas de réponse","-",IF(AND(ISNUMBER(B64),ISNUMBER(O64)),O64-B64,"")) -> 6 | Q64: =IF(G64="Ne nécessite pas de réponse","-",IF(O64<>"","-",IF(OR(B64="",H64="",NOT(ISNUMBER(H64)),H64=0),"",IF((TODAY()-B64)/H64<=0.5,"VERT",IF((TODAY()-B64)/H64<=0.8,"JAUNE","ROUGE"))))) -> - | R64: =IFERROR(VLOOKUP(G64,Paramètres!$B$6:$F$8,3,FALSE()),"") -> 2 | S64: =IF(G64="Ne nécessite pas de réponse","-",IF(O64="","",IF(T64<>"","-",IF(OR(R64="",NOT(ISNUMBER(R64)),R64=0),"",IF((TODAY()-O64)/R64<=0.5,"VERT",IF((TODAY()-O64)/R64<=0.8,"JAUNE","ROUGE")))))) -> - | T64: 46057 | U64: =IF(G64="Ne nécessite pas de réponse","-",IF(AND(ISNUMBER(O64),ISNUMBER(T64)),T64-O64,"")) -> 7 | V64: =IF(G64="Ne nécessite pas de réponse","-",IF(AND(ISNUMBER(T64),ISNUMBER(B64),ISNUMBER(H64),ISNUMBER(R64)),T64-(B64+H64+R64),"")) -> 6 | W64: =IF(G64="Ne nécessite pas de réponse","Ne nécessite pas de réponse",IF(T64="","",IF(V64<=0,"Dans les délais","Hors délais"))) -> Hors délais
A65: 49 | B65: 46044 | C65: N°0029301 du 22-01-2026 | D65: Structure fictive 20 | E65: REF-A N°014968 du 22-01-2026 | F65: REF-B N°009509 du 22-01-2026 | G65: Ordinaire | H65: =IFERROR(VLOOKUP(G65,Paramètres!$B$6:$F$8,2,FALSE()),"") -> 5 | I65: Transmission d'un rapport annuel fictif | J65: DSSE | K65: 46044 | L65: 46044 | M65: Examen et avis motivé | N65: Agent DSSE n°2 | O65: 46050 | P65: =IF(G65="Ne nécessite pas de réponse","-",IF(AND(ISNUMBER(B65),ISNUMBER(O65)),O65-B65,"")) -> 6 | Q65: =IF(G65="Ne nécessite pas de réponse","-",IF(O65<>"","-",IF(OR(B65="",H65="",NOT(ISNUMBER(H65)),H65=0),"",IF((TODAY()-B65)/H65<=0.5,"VERT",IF((TODAY()-B65)/H65<=0.8,"JAUNE","ROUGE"))))) -> - | R65: =IFERROR(VLOOKUP(G65,Paramètres!$B$6:$F$8,3,FALSE()),"") -> 2 | S65: =IF(G65="Ne nécessite pas de réponse","-",IF(O65="","",IF(T65<>"","-",IF(OR(R65="",NOT(ISNUMBER(R65)),R65=0),"",IF((TODAY()-O65)/R65<=0.5,"VERT",IF((TODAY()-O65)/R65<=0.8,"JAUNE","ROUGE")))))) -> - | T65: 46051 | U65: =IF(G65="Ne nécessite pas de réponse","-",IF(AND(ISNUMBER(O65),ISNUMBER(T65)),T65-O65,"")) -> 1 | V65: =IF(G65="Ne nécessite pas de réponse","-",IF(AND(ISNUMBER(T65),ISNUMBER(B65),ISNUMBER(H65),ISNUMBER(R65)),T65-(B65+H65+R65),"")) -> 0 | W65: =IF(G65="Ne nécessite pas de réponse","Ne nécessite pas de réponse",IF(T65="","",IF(V65<=0,"Dans les délais","Hors délais"))) -> Dans les délais
A66: 50 | B66: 46045 | C66: N°0055723 du 23-01-2026 | D66: Structure fictive 07 | F66: REF-B N°009017 du 23-01-2026 | G66: Ordinaire | H66: =IFERROR(VLOOKUP(G66,Paramètres!$B$6:$F$8,2,FALSE()),"") -> 5 | I66: Transmission d'un rapport annuel fictif | J66: DSSE | K66: 46048 | L66: 46048 | M66: Suivi | N66: Agent DSSE n°1 | O66: 46051 | P66: =IF(G66="Ne nécessite pas de réponse","-",IF(AND(ISNUMBER(B66),ISNUMBER(O66)),O66-B66,"")) -> 6 | Q66: =IF(G66="Ne nécessite pas de réponse","-",IF(O66<>"","-",IF(OR(B66="",H66="",NOT(ISNUMBER(H66)),H66=0),"",IF((TODAY()-B66)/H66<=0.5,"VERT",IF((TODAY()-B66)/H66<=0.8,"JAUNE","ROUGE"))))) -> - | R66: =IFERROR(VLOOKUP(G66,Paramètres!$B$6:$F$8,3,FALSE()),"") -> 2 | S66: =IF(G66="Ne nécessite pas de réponse","-",IF(O66="","",IF(T66<>"","-",IF(OR(R66="",NOT(ISNUMBER(R66)),R66=0),"",IF((TODAY()-O66)/R66<=0.5,"VERT",IF((TODAY()-O66)/R66<=0.8,"JAUNE","ROUGE")))))) -> - | T66: 46055 | U66: =IF(G66="Ne nécessite pas de réponse","-",IF(AND(ISNUMBER(O66),ISNUMBER(T66)),T66-O66,"")) -> 4 | V66: =IF(G66="Ne nécessite pas de réponse","-",IF(AND(ISNUMBER(T66),ISNUMBER(B66),ISNUMBER(H66),ISNUMBER(R66)),T66-(B66+H66+R66),"")) -> 3 | W66: =IF(G66="Ne nécessite pas de réponse","Ne nécessite pas de réponse",IF(T66="","",IF(V66<=0,"Dans les délais","Hors délais"))) -> Hors délais
A67: 51 | B67: 46045 | C67: N°0047666 du 23-01-2026 | D67: Structure fictive 14 | E67: REF-A N°007800 du 23-01-2026 | F67: REF-B N°004253 du 23-01-2026 | G67: Ne nécessite pas de réponse | H67: =IFERROR(VLOOKUP(G67,Paramètres!$B$6:$F$8,2,FALSE()),"") -> N/A | I67: Note de présentation d'un projet fictif | J67: DP | K67: 46045 | L67: 46045 | N67: Agent DP n°3 | P67: =IF(G67="Ne nécessite pas de réponse","-",IF(AND(ISNUMBER(B67),ISNUMBER(O67)),O67-B67,"")) -> - | Q67: =IF(G67="Ne nécessite pas de réponse","-",IF(O67<>"","-",IF(OR(B67="",H67="",NOT(ISNUMBER(H67)),H67=0),"",IF((TODAY()-B67)/H67<=0.5,"VERT",IF((TODAY()-B67)/H67<=0.8,"JAUNE","ROUGE"))))) -> - | R67: =IFERROR(VLOOKUP(G67,Paramètres!$B$6:$F$8,3,FALSE()),"") -> N/A | S67: =IF(G67="Ne nécessite pas de réponse","-",IF(O67="","",IF(T67<>"","-",IF(OR(R67="",NOT(ISNUMBER(R67)),R67=0),"",IF((TODAY()-O67)/R67<=0.5,"VERT",IF((TODAY()-O67)/R67<=0.8,"JAUNE","ROUGE")))))) -> - | U67: =IF(G67="Ne nécessite pas de réponse","-",IF(AND(ISNUMBER(O67),ISNUMBER(T67)),T67-O67,"")) -> - | V67: =IF(G67="Ne nécessite pas de réponse","-",IF(AND(ISNUMBER(T67),ISNUMBER(B67),ISNUMBER(H67),ISNUMBER(R67)),T67-(B67+H67+R67),"")) -> - | W67: =IF(G67="Ne nécessite pas de réponse","Ne nécessite pas de réponse",IF(T67="","",IF(V67<=0,"Dans les délais","Hors délais"))) -> Ne nécessite pas de réponse
A68: 52 | B68: 46045 | C68: N°0064536 du 23-01-2026 | D68: Structure fictive 03 | F68: REF-B N°006391 du 23-01-2026 | G68: Ne nécessite pas de réponse | H68: =IFERROR(VLOOKUP(G68,Paramètres!$B$6:$F$8,2,FALSE()),"") -> N/A | I68: Transmission de pièces justificatives fictives | J68: DSSE | K68: 46045 | L68: 46045 | M68: Analyse et proposition de réponse | N68: Agent DSSE n°3 | P68: =IF(G68="Ne nécessite pas de réponse","-",IF(AND(ISNUMBER(B68),ISNUMBER(O68)),O68-B68,"")) -> - | Q68: =IF(G68="Ne nécessite pas de réponse","-",IF(O68<>"","-",IF(OR(B68="",H68="",NOT(ISNUMBER(H68)),H68=0),"",IF((TODAY()-B68)/H68<=0.5,"VERT",IF((TODAY()-B68)/H68<=0.8,"JAUNE","ROUGE"))))) -> - | R68: =IFERROR(VLOOKUP(G68,Paramètres!$B$6:$F$8,3,FALSE()),"") -> N/A | S68: =IF(G68="Ne nécessite pas de réponse","-",IF(O68="","",IF(T68<>"","-",IF(OR(R68="",NOT(ISNUMBER(R68)),R68=0),"",IF((TODAY()-O68)/R68<=0.5,"VERT",IF((TODAY()-O68)/R68<=0.8,"JAUNE","ROUGE")))))) -> - | U68: =IF(G68="Ne nécessite pas de réponse","-",IF(AND(ISNUMBER(O68),ISNUMBER(T68)),T68-O68,"")) -> - | V68: =IF(G68="Ne nécessite pas de réponse","-",IF(AND(ISNUMBER(T68),ISNUMBER(B68),ISNUMBER(H68),ISNUMBER(R68)),T68-(B68+H68+R68),"")) -> - | W68: =IF(G68="Ne nécessite pas de réponse","Ne nécessite pas de réponse",IF(T68="","",IF(V68<=0,"Dans les délais","Hors délais"))) -> Ne nécessite pas de réponse
A69: 53 | B69: 46045 | C69: N°0034537 du 23-01-2026 | D69: Structure fictive 09 | E69: REF-A N°004873 du 23-01-2026 | F69: REF-B N°009059 du 23-01-2026 | G69: Ordinaire | H69: =IFERROR(VLOOKUP(G69,Paramètres!$B$6:$F$8,2,FALSE()),"") -> 5 | I69: Examen d'un document de planification fictif | J69: DSSE | K69: 46048 | L69: 46048 | M69: Vérifier la conformité avant signature | N69: Agent DSSE n°1 | O69: 46052 | P69: =IF(G69="Ne nécessite pas de réponse","-",IF(AND(ISNUMBER(B69),ISNUMBER(O69)),O69-B69,"")) -> 7 | Q69: =IF(G69="Ne nécessite pas de réponse","-",IF(O69<>"","-",IF(OR(B69="",H69="",NOT(ISNUMBER(H69)),H69=0),"",IF((TODAY()-B69)/H69<=0.5,"VERT",IF((TODAY()-B69)/H69<=0.8,"JAUNE","ROUGE"))))) -> - | R69: =IFERROR(VLOOKUP(G69,Paramètres!$B$6:$F$8,3,FALSE()),"") -> 2 | S69: =IF(G69="Ne nécessite pas de réponse","-",IF(O69="","",IF(T69<>"","-",IF(OR(R69="",NOT(ISNUMBER(R69)),R69=0),"",IF((TODAY()-O69)/R69<=0.5,"VERT",IF((TODAY()-O69)/R69<=0.8,"JAUNE","ROUGE")))))) -> - | T69: 46052 | U69: =IF(G69="Ne nécessite pas de réponse","-",IF(AND(ISNUMBER(O69),ISNUMBER(T69)),T69-O69,"")) -> 0 | V69: =IF(G69="Ne nécessite pas de réponse","-",IF(AND(ISNUMBER(T69),ISNUMBER(B69),ISNUMBER(H69),ISNUMBER(R69)),T69-(B69+H69+R69),"")) -> 0 | W69: =IF(G69="Ne nécessite pas de réponse","Ne nécessite pas de réponse",IF(T69="","",IF(V69<=0,"Dans les délais","Hors délais"))) -> Dans les délais
A70: 54 | B70: 46048 | C70: N°0088490 du 26-01-2026 | D70: Structure fictive 07 | F70: REF-B N°008798 du 26-01-2026 | G70: Ordinaire | H70: =IFERROR(VLOOKUP(G70,Paramètres!$B$6:$F$8,2,FALSE()),"") -> 5 | I70: Demande de désignation d'un point focal (test) | J70: DP | K70: 46048 | L70: 46049 | M70: À traiter en priorité | N70: Agent DP n°1 | O70: 46051 | P70: =IF(G70="Ne nécessite pas de réponse","-",IF(AND(ISNUMBER(B70),ISNUMBER(O70)),O70-B70,"")) -> 3 | Q70: =IF(G70="Ne nécessite pas de réponse","-",IF(O70<>"","-",IF(OR(B70="",H70="",NOT(ISNUMBER(H70)),H70=0),"",IF((TODAY()-B70)/H70<=0.5,"VERT",IF((TODAY()-B70)/H70<=0.8,"JAUNE","ROUGE"))))) -> - | R70: =IFERROR(VLOOKUP(G70,Paramètres!$B$6:$F$8,3,FALSE()),"") -> 2 | S70: =IF(G70="Ne nécessite pas de réponse","-",IF(O70="","",IF(T70<>"","-",IF(OR(R70="",NOT(ISNUMBER(R70)),R70=0),"",IF((TODAY()-O70)/R70<=0.5,"VERT",IF((TODAY()-O70)/R70<=0.8,"JAUNE","ROUGE")))))) -> - | T70: 46056 | U70: =IF(G70="Ne nécessite pas de réponse","-",IF(AND(ISNUMBER(O70),ISNUMBER(T70)),T70-O70,"")) -> 5 | V70: =IF(G70="Ne nécessite pas de réponse","-",IF(AND(ISNUMBER(T70),ISNUMBER(B70),ISNUMBER(H70),ISNUMBER(R70)),T70-(B70+H70+R70),"")) -> 1 | W70: =IF(G70="Ne nécessite pas de réponse","Ne nécessite pas de réponse",IF(T70="","",IF(V70<=0,"Dans les délais","Hors délais"))) -> Hors délais
A71: 55 | B71: 46048 | C71: N°0049540 du 26-01-2026 | D71: Structure fictive 02 | F71: REF-B N°003616 du 26-01-2026 | G71: Ordinaire | H71: =IFERROR(VLOOKUP(G71,Paramètres!$B$6:$F$8,2,FALSE()),"") -> 5 | I71: Demande de point de situation sur un dossier fictif | J71: DP | K71: 46049 | L71: 46050 | M71: À traiter en priorité | N71: Agent DP n°1 | O71: 46051 | P71: =IF(G71="Ne nécessite pas de réponse","-",IF(AND(ISNUMBER(B71),ISNUMBER(O71)),O71-B71,"")) -> 3 | Q71: =IF(G71="Ne nécessite pas de réponse","-",IF(O71<>"","-",IF(OR(B71="",H71="",NOT(ISNUMBER(H71)),H71=0),"",IF((TODAY()-B71)/H71<=0.5,"VERT",IF((TODAY()-B71)/H71<=0.8,"JAUNE","ROUGE"))))) -> - | R71: =IFERROR(VLOOKUP(G71,Paramètres!$B$6:$F$8,3,FALSE()),"") -> 2 | S71: =IF(G71="Ne nécessite pas de réponse","-",IF(O71="","",IF(T71<>"","-",IF(OR(R71="",NOT(ISNUMBER(R71)),R71=0),"",IF((TODAY()-O71)/R71<=0.5,"VERT",IF((TODAY()-O71)/R71<=0.8,"JAUNE","ROUGE")))))) -> - | T71: 46052 | U71: =IF(G71="Ne nécessite pas de réponse","-",IF(AND(ISNUMBER(O71),ISNUMBER(T71)),T71-O71,"")) -> 1 | V71: =IF(G71="Ne nécessite pas de réponse","-",IF(AND(ISNUMBER(T71),ISNUMBER(B71),ISNUMBER(H71),ISNUMBER(R71)),T71-(B71+H71+R71),"")) -> -3 | W71: =IF(G71="Ne nécessite pas de réponse","Ne nécessite pas de réponse",IF(T71="","",IF(V71<=0,"Dans les délais","Hors délais"))) -> Dans les délais
A72: 56 | B72: 46048 | C72: N°0094307 du 26-01-2026 | D72: Structure fictive 05 | E72: REF-A N°016917 du 26-01-2026 | F72: REF-B N°005822 du 26-01-2026 | G72: Ordinaire | H72: =IFERROR(VLOOKUP(G72,Paramètres!$B$6:$F$8,2,FALSE()),"") -> 5 | I72: Transmission de pièces justificatives fictives | J72: DSSE | K72: 46048 | L72: 46048 | N72: Agent DSSE n°3 | P72: =IF(G72="Ne nécessite pas de réponse","-",IF(AND(ISNUMBER(B72),ISNUMBER(O72)),O72-B72,"")) | Q72: =IF(G72="Ne nécessite pas de réponse","-",IF(O72<>"","-",IF(OR(B72="",H72="",NOT(ISNUMBER(H72)),H72=0),"",IF((TODAY()-B72)/H72<=0.5,"VERT",IF((TODAY()-B72)/H72<=0.8,"JAUNE","ROUGE"))))) -> ROUGE | R72: =IFERROR(VLOOKUP(G72,Paramètres!$B$6:$F$8,3,FALSE()),"") -> 2 | S72: =IF(G72="Ne nécessite pas de réponse","-",IF(O72="","",IF(T72<>"","-",IF(OR(R72="",NOT(ISNUMBER(R72)),R72=0),"",IF((TODAY()-O72)/R72<=0.5,"VERT",IF((TODAY()-O72)/R72<=0.8,"JAUNE","ROUGE")))))) | U72: =IF(G72="Ne nécessite pas de réponse","-",IF(AND(ISNUMBER(O72),ISNUMBER(T72)),T72-O72,"")) | V72: =IF(G72="Ne nécessite pas de réponse","-",IF(AND(ISNUMBER(T72),ISNUMBER(B72),ISNUMBER(H72),ISNUMBER(R72)),T72-(B72+H72+R72),"")) | W72: =IF(G72="Ne nécessite pas de réponse","Ne nécessite pas de réponse",IF(T72="","",IF(V72<=0,"Dans les délais","Hors délais")))
A73: 57 | B73: 46048 | C73: N°0035510 du 26-01-2026 | D73: Structure fictive 08 | F73: REF-B N°006982 du 26-01-2026 | G73: Ne nécessite pas de réponse | H73: =IFERROR(VLOOKUP(G73,Paramètres!$B$6:$F$8,2,FALSE()),"") -> N/A | I73: Transmission d'un état récapitulatif fictif | J73: DSSE | K73: 46048 | L73: 46048 | M73: Suivi | N73: Agent DSSE n°3 | P73: =IF(G73="Ne nécessite pas de réponse","-",IF(AND(ISNUMBER(B73),ISNUMBER(O73)),O73-B73,"")) -> - | Q73: =IF(G73="Ne nécessite pas de réponse","-",IF(O73<>"","-",IF(OR(B73="",H73="",NOT(ISNUMBER(H73)),H73=0),"",IF((TODAY()-B73)/H73<=0.5,"VERT",IF((TODAY()-B73)/H73<=0.8,"JAUNE","ROUGE"))))) -> - | R73: =IFERROR(VLOOKUP(G73,Paramètres!$B$6:$F$8,3,FALSE()),"") -> N/A | S73: =IF(G73="Ne nécessite pas de réponse","-",IF(O73="","",IF(T73<>"","-",IF(OR(R73="",NOT(ISNUMBER(R73)),R73=0),"",IF((TODAY()-O73)/R73<=0.5,"VERT",IF((TODAY()-O73)/R73<=0.8,"JAUNE","ROUGE")))))) -> - | U73: =IF(G73="Ne nécessite pas de réponse","-",IF(AND(ISNUMBER(O73),ISNUMBER(T73)),T73-O73,"")) -> - | V73: =IF(G73="Ne nécessite pas de réponse","-",IF(AND(ISNUMBER(T73),ISNUMBER(B73),ISNUMBER(H73),ISNUMBER(R73)),T73-(B73+H73+R73),"")) -> - | W73: =IF(G73="Ne nécessite pas de réponse","Ne nécessite pas de réponse",IF(T73="","",IF(V73<=0,"Dans les délais","Hors délais"))) -> Ne nécessite pas de réponse
A74: 58 | B74: 46048 | C74: N°0091686 du 26-01-2026 | D74: Structure fictive 20 | F74: REF-B N°009618 du 26-01-2026 | G74: Ne nécessite pas de réponse | H74: =IFERROR(VLOOKUP(G74,Paramètres!$B$6:$F$8,2,FALSE()),"") -> N/A | I74: Note de présentation d'un projet fictif | J74: DP | K74: 46048 | L74: 46049 | M74: À traiter en priorité | N74: Agent DP n°2 | P74: =IF(G74="Ne nécessite pas de réponse","-",IF(AND(ISNUMBER(B74),ISNUMBER(O74)),O74-B74,"")) -> - | Q74: =IF(G74="Ne nécessite pas de réponse","-",IF(O74<>"","-",IF(OR(B74="",H74="",NOT(ISNUMBER(H74)),H74=0),"",IF((TODAY()-B74)/H74<=0.5,"VERT",IF((TODAY()-B74)/H74<=0.8,"JAUNE","ROUGE"))))) -> - | R74: =IFERROR(VLOOKUP(G74,Paramètres!$B$6:$F$8,3,FALSE()),"") -> N/A | S74: =IF(G74="Ne nécessite pas de réponse","-",IF(O74="","",IF(T74<>"","-",IF(OR(R74="",NOT(ISNUMBER(R74)),R74=0),"",IF((TODAY()-O74)/R74<=0.5,"VERT",IF((TODAY()-O74)/R74<=0.8,"JAUNE","ROUGE")))))) -> - | U74: =IF(G74="Ne nécessite pas de réponse","-",IF(AND(ISNUMBER(O74),ISNUMBER(T74)),T74-O74,"")) -> - | V74: =IF(G74="Ne nécessite pas de réponse","-",IF(AND(ISNUMBER(T74),ISNUMBER(B74),ISNUMBER(H74),ISNUMBER(R74)),T74-(B74+H74+R74),"")) -> - | W74: =IF(G74="Ne nécessite pas de réponse","Ne nécessite pas de réponse",IF(T74="","",IF(V74<=0,"Dans les délais","Hors délais"))) -> Ne nécessite pas de réponse
A75: 59 | B75: 46049 | C75: N°0004265 du 27-01-2026 | D75: Structure fictive 11 | E75: REF-A N°010205 du 27-01-2026 | F75: REF-B N°009123 du 27-01-2026 | G75: Confidentiel | H75: =IFERROR(VLOOKUP(G75,Paramètres!$B$6:$F$8,2,FALSE()),"") -> 5 | I75: Invitation à un atelier fictif | J75: DRI | K75: 46049 | L75: 46049 | M75: Examen et avis motivé | N75: Agent DRI n°2 | O75: 46065 | P75: =IF(G75="Ne nécessite pas de réponse","-",IF(AND(ISNUMBER(B75),ISNUMBER(O75)),O75-B75,"")) -> 16 | Q75: =IF(G75="Ne nécessite pas de réponse","-",IF(O75<>"","-",IF(OR(B75="",H75="",NOT(ISNUMBER(H75)),H75=0),"",IF((TODAY()-B75)/H75<=0.5,"VERT",IF((TODAY()-B75)/H75<=0.8,"JAUNE","ROUGE"))))) -> - | R75: =IFERROR(VLOOKUP(G75,Paramètres!$B$6:$F$8,3,FALSE()),"") -> 2 | S75: =IF(G75="Ne nécessite pas de réponse","-",IF(O75="","",IF(T75<>"","-",IF(OR(R75="",NOT(ISNUMBER(R75)),R75=0),"",IF((TODAY()-O75)/R75<=0.5,"VERT",IF((TODAY()-O75)/R75<=0.8,"JAUNE","ROUGE")))))) -> - | T75: 46066 | U75: =IF(G75="Ne nécessite pas de réponse","-",IF(AND(ISNUMBER(O75),ISNUMBER(T75)),T75-O75,"")) -> 1 | V75: =IF(G75="Ne nécessite pas de réponse","-",IF(AND(ISNUMBER(T75),ISNUMBER(B75),ISNUMBER(H75),ISNUMBER(R75)),T75-(B75+H75+R75),"")) -> 10 | W75: =IF(G75="Ne nécessite pas de réponse","Ne nécessite pas de réponse",IF(T75="","",IF(V75<=0,"Dans les délais","Hors délais"))) -> Hors délais
A76: 60 | B76: 46049 | C76: N°0054165 du 27-01-2026 | D76: Structure fictive 17 | F76: REF-B N°003104 du 27-01-2026 | G76: Ordinaire | H76: =IFERROR(VLOOKUP(G76,Paramètres!$B$6:$F$8,2,FALSE()),"") -> 5 | I76: Demande d'avis sur une procédure interne fictive | J76: DRI | K76: 46049 | L76: 46049 | M76: Examen et avis motivé | N76: Agent DRI n°1 | O76: 46052 | P76: =IF(G76="Ne nécessite pas de réponse","-",IF(AND(ISNUMBER(B76),ISNUMBER(O76)),O76-B76,"")) -> 3 | Q76: =IF(G76="Ne nécessite pas de réponse","-",IF(O76<>"","-",IF(OR(B76="",H76="",NOT(ISNUMBER(H76)),H76=0),"",IF((TODAY()-B76)/H76<=0.5,"VERT",IF((TODAY()-B76)/H76<=0.8,"JAUNE","ROUGE"))))) -> - | R76: =IFERROR(VLOOKUP(G76,Paramètres!$B$6:$F$8,3,FALSE()),"") -> 2 | S76: =IF(G76="Ne nécessite pas de réponse","-",IF(O76="","",IF(T76<>"","-",IF(OR(R76="",NOT(ISNUMBER(R76)),R76=0),"",IF((TODAY()-O76)/R76<=0.5,"VERT",IF((TODAY()-O76)/R76<=0.8,"JAUNE","ROUGE")))))) -> - | T76: 46055 | U76: =IF(G76="Ne nécessite pas de réponse","-",IF(AND(ISNUMBER(O76),ISNUMBER(T76)),T76-O76,"")) -> 3 | V76: =IF(G76="Ne nécessite pas de réponse","-",IF(AND(ISNUMBER(T76),ISNUMBER(B76),ISNUMBER(H76),ISNUMBER(R76)),T76-(B76+H76+R76),"")) -> -1 | W76: =IF(G76="Ne nécessite pas de réponse","Ne nécessite pas de réponse",IF(T76="","",IF(V76<=0,"Dans les délais","Hors délais"))) -> Dans les délais
A77: 61 | B77: 46049 | C77: N°0059879 du 27-01-2026 | D77: Structure fictive 12 | F77: REF-B N°001353 du 27-01-2026 | G77: Confidentiel | H77: =IFERROR(VLOOKUP(G77,Paramètres!$B$6:$F$8,2,FALSE()),"") -> 5 | I77: Transmission d'un rapport d'étape fictif | J77: DP | K77: 46049 | L77: 46050 | M77: Analyse et proposition de réponse | N77: Agent DP n°2 | O77: 46056 | P77: =IF(G77="Ne nécessite pas de réponse","-",IF(AND(ISNUMBER(B77),ISNUMBER(O77)),O77-B77,"")) -> 7 | Q77: =IF(G77="Ne nécessite pas de réponse","-",IF(O77<>"","-",IF(OR(B77="",H77="",NOT(ISNUMBER(H77)),H77=0),"",IF((TODAY()-B77)/H77<=0.5,"VERT",IF((TODAY()-B77)/H77<=0.8,"JAUNE","ROUGE"))))) -> - | R77: =IFERROR(VLOOKUP(G77,Paramètres!$B$6:$F$8,3,FALSE()),"") -> 2 | S77: =IF(G77="Ne nécessite pas de réponse","-",IF(O77="","",IF(T77<>"","-",IF(OR(R77="",NOT(ISNUMBER(R77)),R77=0),"",IF((TODAY()-O77)/R77<=0.5,"VERT",IF((TODAY()-O77)/R77<=0.8,"JAUNE","ROUGE")))))) -> - | T77: 46056 | U77: =IF(G77="Ne nécessite pas de réponse","-",IF(AND(ISNUMBER(O77),ISNUMBER(T77)),T77-O77,"")) -> 0 | V77: =IF(G77="Ne nécessite pas de réponse","-",IF(AND(ISNUMBER(T77),ISNUMBER(B77),ISNUMBER(H77),ISNUMBER(R77)),T77-(B77+H77+R77),"")) -> 0 | W77: =IF(G77="Ne nécessite pas de réponse","Ne nécessite pas de réponse",IF(T77="","",IF(V77<=0,"Dans les délais","Hors délais"))) -> Dans les délais
A78: 62 | B78: 46050 | C78: N°0030767 du 28-01-2026 | D78: Structure fictive 02 | E78: REF-A N°015928 du 28-01-2026 | F78: REF-B N°009014 du 28-01-2026 | G78: Confidentiel | H78: =IFERROR(VLOOKUP(G78,Paramètres!$B$6:$F$8,2,FALSE()),"") -> 5 | I78: Demande de validation d'un document fictif | J78: DP | K78: 46050 | L78: 46051 | N78: Agent DP n°2 | O78: 46058 | P78: =IF(G78="Ne nécessite pas de réponse","-",IF(AND(ISNUMBER(B78),ISNUMBER(O78)),O78-B78,"")) -> 8 | Q78: =IF(G78="Ne nécessite pas de réponse","-",IF(O78<>"","-",IF(OR(B78="",H78="",NOT(ISNUMBER(H78)),H78=0),"",IF((TODAY()-B78)/H78<=0.5,"VERT",IF((TODAY()-B78)/H78<=0.8,"JAUNE","ROUGE"))))) -> - | R78: =IFERROR(VLOOKUP(G78,Paramètres!$B$6:$F$8,3,FALSE()),"") -> 2 | S78: =IF(G78="Ne nécessite pas de réponse","-",IF(O78="","",IF(T78<>"","-",IF(OR(R78="",NOT(ISNUMBER(R78)),R78=0),"",IF((TODAY()-O78)/R78<=0.5,"VERT",IF((TODAY()-O78)/R78<=0.8,"JAUNE","ROUGE")))))) -> - | T78: 46062 | U78: =IF(G78="Ne nécessite pas de réponse","-",IF(AND(ISNUMBER(O78),ISNUMBER(T78)),T78-O78,"")) -> 4 | V78: =IF(G78="Ne nécessite pas de réponse","-",IF(AND(ISNUMBER(T78),ISNUMBER(B78),ISNUMBER(H78),ISNUMBER(R78)),T78-(B78+H78+R78),"")) -> 5 | W78: =IF(G78="Ne nécessite pas de réponse","Ne nécessite pas de réponse",IF(T78="","",IF(V78<=0,"Dans les délais","Hors délais"))) -> Hors délais
A79: 63 | B79: 46050 | C79: N°0040877 du 28-01-2026 | D79: Structure fictive 17 | F79: REF-B N°002523 du 28-01-2026 | G79: Ordinaire | H79: =IFERROR(VLOOKUP(G79,Paramètres!$B$6:$F$8,2,FALSE()),"") -> 5 | I79: Compte rendu d'une réunion fictive de coordination | J79: DRI | K79: 46050 | L79: 46050 | N79: Agent DRI n°1 | O79: 46055 | P79: =IF(G79="Ne nécessite pas de réponse","-",IF(AND(ISNUMBER(B79),ISNUMBER(O79)),O79-B79,"")) -> 5 | Q79: =IF(G79="Ne nécessite pas de réponse","-",IF(O79<>"","-",IF(OR(B79="",H79="",NOT(ISNUMBER(H79)),H79=0),"",IF((TODAY()-B79)/H79<=0.5,"VERT",IF((TODAY()-B79)/H79<=0.8,"JAUNE","ROUGE"))))) -> - | R79: =IFERROR(VLOOKUP(G79,Paramètres!$B$6:$F$8,3,FALSE()),"") -> 2 | S79: =IF(G79="Ne nécessite pas de réponse","-",IF(O79="","",IF(T79<>"","-",IF(OR(R79="",NOT(ISNUMBER(R79)),R79=0),"",IF((TODAY()-O79)/R79<=0.5,"VERT",IF((TODAY()-O79)/R79<=0.8,"JAUNE","ROUGE")))))) -> - | T79: 46057 | U79: =IF(G79="Ne nécessite pas de réponse","-",IF(AND(ISNUMBER(O79),ISNUMBER(T79)),T79-O79,"")) -> 2 | V79: =IF(G79="Ne nécessite pas de réponse","-",IF(AND(ISNUMBER(T79),ISNUMBER(B79),ISNUMBER(H79),ISNUMBER(R79)),T79-(B79+H79+R79),"")) -> 0 | W79: =IF(G79="Ne nécessite pas de réponse","Ne nécessite pas de réponse",IF(T79="","",IF(V79<=0,"Dans les délais","Hors délais"))) -> Dans les délais
A80: 64 | B80: 46051 | C80: N°0035220 du 29-01-2026 | D80: Structure fictive 04 | E80: REF-A N°016669 du 29-01-2026 | F80: REF-B N°001525 du 29-01-2026 | G80: Ordinaire | H80: =IFERROR(VLOOKUP(G80,Paramètres!$B$6:$F$8,2,FALSE()),"") -> 5 | I80: Transmission d'une note d'orientation fictive | J80: DRI | K80: 46052 | L80: 46055 | N80: Agent DRI n°3 | O80: 46055 | P80: =IF(G80="Ne nécessite pas de réponse","-",IF(AND(ISNUMBER(B80),ISNUMBER(O80)),O80-B80,"")) -> 4 | Q80: =IF(G80="Ne nécessite pas de réponse","-",IF(O80<>"","-",IF(OR(B80="",H80="",NOT(ISNUMBER(H80)),H80=0),"",IF((TODAY()-B80)/H80<=0.5,"VERT",IF((TODAY()-B80)/H80<=0.8,"JAUNE","ROUGE"))))) -> - | R80: =IFERROR(VLOOKUP(G80,Paramètres!$B$6:$F$8,3,FALSE()),"") -> 2 | S80: =IF(G80="Ne nécessite pas de réponse","-",IF(O80="","",IF(T80<>"","-",IF(OR(R80="",NOT(ISNUMBER(R80)),R80=0),"",IF((TODAY()-O80)/R80<=0.5,"VERT",IF((TODAY()-O80)/R80<=0.8,"JAUNE","ROUGE")))))) -> - | T80: 46056 | U80: =IF(G80="Ne nécessite pas de réponse","-",IF(AND(ISNUMBER(O80),ISNUMBER(T80)),T80-O80,"")) -> 1 | V80: =IF(G80="Ne nécessite pas de réponse","-",IF(AND(ISNUMBER(T80),ISNUMBER(B80),ISNUMBER(H80),ISNUMBER(R80)),T80-(B80+H80+R80),"")) -> -2 | W80: =IF(G80="Ne nécessite pas de réponse","Ne nécessite pas de réponse",IF(T80="","",IF(V80<=0,"Dans les délais","Hors délais"))) -> Dans les délais
A81: 65 | B81: 46051 | C81: N°0061496 du 29-01-2026 | D81: Structure fictive 05 | E81: REF-A N°005004 du 29-01-2026 | F81: REF-B N°004384 du 29-01-2026 | G81: Ordinaire | H81: =IFERROR(VLOOKUP(G81,Paramètres!$B$6:$F$8,2,FALSE()),"") -> 5 | I81: Demande de documents complémentaires (test) | J81: DRI | K81: 46052 | L81: 46052 | M81: Analyse et proposition de réponse | N81: Agent DRI n°3 | O81: 46064 | P81: =IF(G81="Ne nécessite pas de réponse","-",IF(AND(ISNUMBER(B81),ISNUMBER(O81)),O81-B81,"")) -> 13 | Q81: =IF(G81="Ne nécessite pas de réponse","-",IF(O81<>"","-",IF(OR(B81="",H81="",NOT(ISNUMBER(H81)),H81=0),"",IF((TODAY()-B81)/H81<=0.5,"VERT",IF((TODAY()-B81)/H81<=0.8,"JAUNE","ROUGE"))))) -> - | R81: =IFERROR(VLOOKUP(G81,Paramètres!$B$6:$F$8,3,FALSE()),"") -> 2 | S81: =IF(G81="Ne nécessite pas de réponse","-",IF(O81="","",IF(T81<>"","-",IF(OR(R81="",NOT(ISNUMBER(R81)),R81=0),"",IF((TODAY()-O81)/R81<=0.5,"VERT",IF((TODAY()-O81)/R81<=0.8,"JAUNE","ROUGE")))))) -> - | T81: 46064 | U81: =IF(G81="Ne nécessite pas de réponse","-",IF(AND(ISNUMBER(O81),ISNUMBER(T81)),T81-O81,"")) -> 0 | V81: =IF(G81="Ne nécessite pas de réponse","-",IF(AND(ISNUMBER(T81),ISNUMBER(B81),ISNUMBER(H81),ISNUMBER(R81)),T81-(B81+H81+R81),"")) -> 6 | W81: =IF(G81="Ne nécessite pas de réponse","Ne nécessite pas de réponse",IF(T81="","",IF(V81<=0,"Dans les délais","Hors délais"))) -> Hors délais
A82: 66 | B82: 46051 | C82: N°0040704 du 29-01-2026 | D82: Structure fictive 10 | E82: REF-A N°017017 du 29-01-2026 | F82: REF-B N°004735 du 29-01-2026 | G82: Ordinaire | H82: =IFERROR(VLOOKUP(G82,Paramètres!$B$6:$F$8,2,FALSE()),"") -> 5 | I82: Demande de désignation d'un point focal (test) | J82: DP | K82: 46052 | L82: 46052 | M82: Examen et avis motivé | N82: Agent DP n°2 | O82: 46062 | P82: =IF(G82="Ne nécessite pas de réponse","-",IF(AND(ISNUMBER(B82),ISNUMBER(O82)),O82-B82,"")) -> 11 | Q82: =IF(G82="Ne nécessite pas de réponse","-",IF(O82<>"","-",IF(OR(B82="",H82="",NOT(ISNUMBER(H82)),H82=0),"",IF((TODAY()-B82)/H82<=0.5,"VERT",IF((TODAY()-B82)/H82<=0.8,"JAUNE","ROUGE"))))) -> - | R82: =IFERROR(VLOOKUP(G82,Paramètres!$B$6:$F$8,3,FALSE()),"") -> 2 | S82: =IF(G82="Ne nécessite pas de réponse","-",IF(O82="","",IF(T82<>"","-",IF(OR(R82="",NOT(ISNUMBER(R82)),R82=0),"",IF((TODAY()-O82)/R82<=0.5,"VERT",IF((TODAY()-O82)/R82<=0.8,"JAUNE","ROUGE")))))) -> - | T82: 46064 | U82: =IF(G82="Ne nécessite pas de réponse","-",IF(AND(ISNUMBER(O82),ISNUMBER(T82)),T82-O82,"")) -> 2 | V82: =IF(G82="Ne nécessite pas de réponse","-",IF(AND(ISNUMBER(T82),ISNUMBER(B82),ISNUMBER(H82),ISNUMBER(R82)),T82-(B82+H82+R82),"")) -> 6 | W82: =IF(G82="Ne nécessite pas de réponse","Ne nécessite pas de réponse",IF(T82="","",IF(V82<=0,"Dans les délais","Hors délais"))) -> Hors délais
A83: 67 | B83: 46052 | C83: N°0066895 du 30-01-2026 | D83: Structure fictive 09 | F83: REF-B N°001872 du 30-01-2026 | G83: Ordinaire | H83: =IFERROR(VLOOKUP(G83,Paramètres!$B$6:$F$8,2,FALSE()),"") -> 5 | I83: Note de présentation d'un projet fictif | J83: DP | K83: 46052 | L83: 46055 | M83: À traiter en priorité | N83: Agent DP n°3 | O83: 46058 | P83: =IF(G83="Ne nécessite pas de réponse","-",IF(AND(ISNUMBER(B83),ISNUMBER(O83)),O83-B83,"")) -> 6 | Q83: =IF(G83="Ne nécessite pas de réponse","-",IF(O83<>"","-",IF(OR(B83="",H83="",NOT(ISNUMBER(H83)),H83=0),"",IF((TODAY()-B83)/H83<=0.5,"VERT",IF((TODAY()-B83)/H83<=0.8,"JAUNE","ROUGE"))))) -> - | R83: =IFERROR(VLOOKUP(G83,Paramètres!$B$6:$F$8,3,FALSE()),"") -> 2 | S83: =IF(G83="Ne nécessite pas de réponse","-",IF(O83="","",IF(T83<>"","-",IF(OR(R83="",NOT(ISNUMBER(R83)),R83=0),"",IF((TODAY()-O83)/R83<=0.5,"VERT",IF((TODAY()-O83)/R83<=0.8,"JAUNE","ROUGE")))))) -> - | T83: 46063 | U83: =IF(G83="Ne nécessite pas de réponse","-",IF(AND(ISNUMBER(O83),ISNUMBER(T83)),T83-O83,"")) -> 5 | V83: =IF(G83="Ne nécessite pas de réponse","-",IF(AND(ISNUMBER(T83),ISNUMBER(B83),ISNUMBER(H83),ISNUMBER(R83)),T83-(B83+H83+R83),"")) -> 4 | W83: =IF(G83="Ne nécessite pas de réponse","Ne nécessite pas de réponse",IF(T83="","",IF(V83<=0,"Dans les délais","Hors délais"))) -> Hors délais
A84: 68 | B84: 46052 | C84: N°0001064 du 30-01-2026 | D84: Structure fictive 06 | E84: REF-A N°010937 du 30-01-2026 | F84: REF-B N°005006 du 30-01-2026 | G84: Ordinaire | H84: =IFERROR(VLOOKUP(G84,Paramètres!$B$6:$F$8,2,FALSE()),"") -> 5 | I84: Demande de point de situation sur un dossier fictif | J84: DP | K84: 46055 | L84: 46056 | N84: Agent DP n°3 | O84: 46059 | P84: =IF(G84="Ne nécessite pas de réponse","-",IF(AND(ISNUMBER(B84),ISNUMBER(O84)),O84-B84,"")) -> 7 | Q84: =IF(G84="Ne nécessite pas de réponse","-",IF(O84<>"","-",IF(OR(B84="",H84="",NOT(ISNUMBER(H84)),H84=0),"",IF((TODAY()-B84)/H84<=0.5,"VERT",IF((TODAY()-B84)/H84<=0.8,"JAUNE","ROUGE"))))) -> - | R84: =IFERROR(VLOOKUP(G84,Paramètres!$B$6:$F$8,3,FALSE()),"") -> 2 | S84: =IF(G84="Ne nécessite pas de réponse","-",IF(O84="","",IF(T84<>"","-",IF(OR(R84="",NOT(ISNUMBER(R84)),R84=0),"",IF((TODAY()-O84)/R84<=0.5,"VERT",IF((TODAY()-O84)/R84<=0.8,"JAUNE","ROUGE")))))) -> - | T84: 46062 | U84: =IF(G84="Ne nécessite pas de réponse","-",IF(AND(ISNUMBER(O84),ISNUMBER(T84)),T84-O84,"")) -> 3 | V84: =IF(G84="Ne nécessite pas de réponse","-",IF(AND(ISNUMBER(T84),ISNUMBER(B84),ISNUMBER(H84),ISNUMBER(R84)),T84-(B84+H84+R84),"")) -> 3 | W84: =IF(G84="Ne nécessite pas de réponse","Ne nécessite pas de réponse",IF(T84="","",IF(V84<=0,"Dans les délais","Hors délais"))) -> Hors délais
A85: 69 | B85: 46052 | C85: N°0099092 du 30-01-2026 | D85: Structure fictive 11 | E85: REF-A N°013103 du 30-01-2026 | F85: REF-B N°005322 du 30-01-2026 | G85: Ne nécessite pas de réponse | H85: =IFERROR(VLOOKUP(G85,Paramètres!$B$6:$F$8,2,FALSE()),"") -> N/A | I85: Transmission d'un rapport trimestriel fictif | J85: DSSE | K85: 46052 | L85: 46055 | M85: Préparer une note de réponse synthétique | N85: Agent DSSE n°3 | P85: =IF(G85="Ne nécessite pas de réponse","-",IF(AND(ISNUMBER(B85),ISNUMBER(O85)),O85-B85,"")) -> - | Q85: =IF(G85="Ne nécessite pas de réponse","-",IF(O85<>"","-",IF(OR(B85="",H85="",NOT(ISNUMBER(H85)),H85=0),"",IF((TODAY()-B85)/H85<=0.5,"VERT",IF((TODAY()-B85)/H85<=0.8,"JAUNE","ROUGE"))))) -> - | R85: =IFERROR(VLOOKUP(G85,Paramètres!$B$6:$F$8,3,FALSE()),"") -> N/A | S85: =IF(G85="Ne nécessite pas de réponse","-",IF(O85="","",IF(T85<>"","-",IF(OR(R85="",NOT(ISNUMBER(R85)),R85=0),"",IF((TODAY()-O85)/R85<=0.5,"VERT",IF((TODAY()-O85)/R85<=0.8,"JAUNE","ROUGE")))))) -> - | U85: =IF(G85="Ne nécessite pas de réponse","-",IF(AND(ISNUMBER(O85),ISNUMBER(T85)),T85-O85,"")) -> - | V85: =IF(G85="Ne nécessite pas de réponse","-",IF(AND(ISNUMBER(T85),ISNUMBER(B85),ISNUMBER(H85),ISNUMBER(R85)),T85-(B85+H85+R85),"")) -> - | W85: =IF(G85="Ne nécessite pas de réponse","Ne nécessite pas de réponse",IF(T85="","",IF(V85<=0,"Dans les délais","Hors délais"))) -> Ne nécessite pas de réponse
A86: 70 | B86: 46055 | C86: N°0089548 du 02-02-2026 | D86: Structure fictive 20 | E86: REF-A N°014790 du 02-02-2026 | F86: REF-B N°008836 du 02-02-2026 | G86: Ne nécessite pas de réponse | H86: =IFERROR(VLOOKUP(G86,Paramètres!$B$6:$F$8,2,FALSE()),"") -> N/A | I86: Convocation à une réunion fictive | J86: DP | K86: 46055 | L86: 46055 | N86: Agent DP n°2 | P86: =IF(G86="Ne nécessite pas de réponse","-",IF(AND(ISNUMBER(B86),ISNUMBER(O86)),O86-B86,"")) -> - | Q86: =IF(G86="Ne nécessite pas de réponse","-",IF(O86<>"","-",IF(OR(B86="",H86="",NOT(ISNUMBER(H86)),H86=0),"",IF((TODAY()-B86)/H86<=0.5,"VERT",IF((TODAY()-B86)/H86<=0.8,"JAUNE","ROUGE"))))) -> - | R86: =IFERROR(VLOOKUP(G86,Paramètres!$B$6:$F$8,3,FALSE()),"") -> N/A | S86: =IF(G86="Ne nécessite pas de réponse","-",IF(O86="","",IF(T86<>"","-",IF(OR(R86="",NOT(ISNUMBER(R86)),R86=0),"",IF((TODAY()-O86)/R86<=0.5,"VERT",IF((TODAY()-O86)/R86<=0.8,"JAUNE","ROUGE")))))) -> - | U86: =IF(G86="Ne nécessite pas de réponse","-",IF(AND(ISNUMBER(O86),ISNUMBER(T86)),T86-O86,"")) -> - | V86: =IF(G86="Ne nécessite pas de réponse","-",IF(AND(ISNUMBER(T86),ISNUMBER(B86),ISNUMBER(H86),ISNUMBER(R86)),T86-(B86+H86+R86),"")) -> - | W86: =IF(G86="Ne nécessite pas de réponse","Ne nécessite pas de réponse",IF(T86="","",IF(V86<=0,"Dans les délais","Hors délais"))) -> Ne nécessite pas de réponse
A87: 71 | B87: 46055 | C87: N°0070001 du 02-02-2026 | D87: Structure fictive 09 | F87: REF-B N°009528 du 02-02-2026 | G87: Ordinaire | H87: =IFERROR(VLOOKUP(G87,Paramètres!$B$6:$F$8,2,FALSE()),"") -> 5 | I87: Transmission d'un rapport annuel fictif | J87: DSSE | K87: 46055 | L87: 46055 | M87: Examen et avis motivé | N87: Agent DSSE n°2 | O87: 46059 | P87: =IF(G87="Ne nécessite pas de réponse","-",IF(AND(ISNUMBER(B87),ISNUMBER(O87)),O87-B87,"")) -> 4 | Q87: =IF(G87="Ne nécessite pas de réponse","-",IF(O87<>"","-",IF(OR(B87="",H87="",NOT(ISNUMBER(H87)),H87=0),"",IF((TODAY()-B87)/H87<=0.5,"VERT",IF((TODAY()-B87)/H87<=0.8,"JAUNE","ROUGE"))))) -> - | R87: =IFERROR(VLOOKUP(G87,Paramètres!$B$6:$F$8,3,FALSE()),"") -> 2 | S87: =IF(G87="Ne nécessite pas de réponse","-",IF(O87="","",IF(T87<>"","-",IF(OR(R87="",NOT(ISNUMBER(R87)),R87=0),"",IF((TODAY()-O87)/R87<=0.5,"VERT",IF((TODAY()-O87)/R87<=0.8,"JAUNE","ROUGE")))))) -> - | T87: 46062 | U87: =IF(G87="Ne nécessite pas de réponse","-",IF(AND(ISNUMBER(O87),ISNUMBER(T87)),T87-O87,"")) -> 3 | V87: =IF(G87="Ne nécessite pas de réponse","-",IF(AND(ISNUMBER(T87),ISNUMBER(B87),ISNUMBER(H87),ISNUMBER(R87)),T87-(B87+H87+R87),"")) -> 0 | W87: =IF(G87="Ne nécessite pas de réponse","Ne nécessite pas de réponse",IF(T87="","",IF(V87<=0,"Dans les délais","Hors délais"))) -> Dans les délais
A88: 72 | B88: 46055 | C88: N°0093845 du 02-02-2026 | D88: Structure fictive 03 | F88: REF-B N°009181 du 02-02-2026 | G88: Confidentiel | H88: =IFERROR(VLOOKUP(G88,Paramètres!$B$6:$F$8,2,FALSE()),"") -> 5 | I88: Demande d'avis sur une procédure interne fictive | J88: DRI | K88: 46055 | L88: 46055 | M88: Examen et avis motivé | N88: Agent DRI n°2 | O88: 46063 | P88: =IF(G88="Ne nécessite pas de réponse","-",IF(AND(ISNUMBER(B88),ISNUMBER(O88)),O88-B88,"")) -> 8 | Q88: =IF(G88="Ne nécessite pas de réponse","-",IF(O88<>"","-",IF(OR(B88="",H88="",NOT(ISNUMBER(H88)),H88=0),"",IF((TODAY()-B88)/H88<=0.5,"VERT",IF((TODAY()-B88)/H88<=0.8,"JAUNE","ROUGE"))))) -> - | R88: =IFERROR(VLOOKUP(G88,Paramètres!$B$6:$F$8,3,FALSE()),"") -> 2 | S88: =IF(G88="Ne nécessite pas de réponse","-",IF(O88="","",IF(T88<>"","-",IF(OR(R88="",NOT(ISNUMBER(R88)),R88=0),"",IF((TODAY()-O88)/R88<=0.5,"VERT",IF((TODAY()-O88)/R88<=0.8,"JAUNE","ROUGE")))))) -> - | T88: 46065 | U88: =IF(G88="Ne nécessite pas de réponse","-",IF(AND(ISNUMBER(O88),ISNUMBER(T88)),T88-O88,"")) -> 2 | V88: =IF(G88="Ne nécessite pas de réponse","-",IF(AND(ISNUMBER(T88),ISNUMBER(B88),ISNUMBER(H88),ISNUMBER(R88)),T88-(B88+H88+R88),"")) -> 3 | W88: =IF(G88="Ne nécessite pas de réponse","Ne nécessite pas de réponse",IF(T88="","",IF(V88<=0,"Dans les délais","Hors délais"))) -> Hors délais
A89: 73 | B89: 46056 | C89: N°0056380 du 03-02-2026 | D89: Structure fictive 02 | F89: REF-B N°000533 du 03-02-2026 | G89: Ne nécessite pas de réponse | H89: =IFERROR(VLOOKUP(G89,Paramètres!$B$6:$F$8,2,FALSE()),"") -> N/A | I89: Projet de texte soumis pour observations (données fictives) | J89: DRI | K89: 46056 | L89: 46057 | M89: Vérifier la conformité avant signature | N89: Agent DRI n°1 | P89: =IF(G89="Ne nécessite pas de réponse","-",IF(AND(ISNUMBER(B89),ISNUMBER(O89)),O89-B89,"")) -> - | Q89: =IF(G89="Ne nécessite pas de réponse","-",IF(O89<>"","-",IF(OR(B89="",H89="",NOT(ISNUMBER(H89)),H89=0),"",IF((TODAY()-B89)/H89<=0.5,"VERT",IF((TODAY()-B89)/H89<=0.8,"JAUNE","ROUGE"))))) -> - | R89: =IFERROR(VLOOKUP(G89,Paramètres!$B$6:$F$8,3,FALSE()),"") -> N/A | S89: =IF(G89="Ne nécessite pas de réponse","-",IF(O89="","",IF(T89<>"","-",IF(OR(R89="",NOT(ISNUMBER(R89)),R89=0),"",IF((TODAY()-O89)/R89<=0.5,"VERT",IF((TODAY()-O89)/R89<=0.8,"JAUNE","ROUGE")))))) -> - | U89: =IF(G89="Ne nécessite pas de réponse","-",IF(AND(ISNUMBER(O89),ISNUMBER(T89)),T89-O89,"")) -> - | V89: =IF(G89="Ne nécessite pas de réponse","-",IF(AND(ISNUMBER(T89),ISNUMBER(B89),ISNUMBER(H89),ISNUMBER(R89)),T89-(B89+H89+R89),"")) -> - | W89: =IF(G89="Ne nécessite pas de réponse","Ne nécessite pas de réponse",IF(T89="","",IF(V89<=0,"Dans les délais","Hors délais"))) -> Ne nécessite pas de réponse
A90: 74 | B90: 46056 | C90: N°0005428 du 03-02-2026 | D90: Structure fictive 11 | E90: REF-A N°012688 du 03-02-2026 | F90: REF-B N°004696 du 03-02-2026 | G90: Ordinaire | H90: =IFERROR(VLOOKUP(G90,Paramètres!$B$6:$F$8,2,FALSE()),"") -> 5 | I90: Compte rendu d'une réunion fictive de coordination | J90: DRI | K90: 46057 | L90: 46058 | M90: Examen et avis motivé | N90: Agent DRI n°1 | O90: 46058 | P90: =IF(G90="Ne nécessite pas de réponse","-",IF(AND(ISNUMBER(B90),ISNUMBER(O90)),O90-B90,"")) -> 2 | Q90: =IF(G90="Ne nécessite pas de réponse","-",IF(O90<>"","-",IF(OR(B90="",H90="",NOT(ISNUMBER(H90)),H90=0),"",IF((TODAY()-B90)/H90<=0.5,"VERT",IF((TODAY()-B90)/H90<=0.8,"JAUNE","ROUGE"))))) -> - | R90: =IFERROR(VLOOKUP(G90,Paramètres!$B$6:$F$8,3,FALSE()),"") -> 2 | S90: =IF(G90="Ne nécessite pas de réponse","-",IF(O90="","",IF(T90<>"","-",IF(OR(R90="",NOT(ISNUMBER(R90)),R90=0),"",IF((TODAY()-O90)/R90<=0.5,"VERT",IF((TODAY()-O90)/R90<=0.8,"JAUNE","ROUGE")))))) -> - | T90: 46059 | U90: =IF(G90="Ne nécessite pas de réponse","-",IF(AND(ISNUMBER(O90),ISNUMBER(T90)),T90-O90,"")) -> 1 | V90: =IF(G90="Ne nécessite pas de réponse","-",IF(AND(ISNUMBER(T90),ISNUMBER(B90),ISNUMBER(H90),ISNUMBER(R90)),T90-(B90+H90+R90),"")) -> -4 | W90: =IF(G90="Ne nécessite pas de réponse","Ne nécessite pas de réponse",IF(T90="","",IF(V90<=0,"Dans les délais","Hors délais"))) -> Dans les délais
A91: 75 | B91: 46056 | C91: N°0088367 du 03-02-2026 | D91: Structure fictive 12 | F91: REF-B N°001446 du 03-02-2026 | G91: Ne nécessite pas de réponse | H91: =IFERROR(VLOOKUP(G91,Paramètres!$B$6:$F$8,2,FALSE()),"") -> N/A | I91: Invitation à un atelier fictif | J91: DRI | K91: 46057 | L91: 46057 | M91: Vérifier la conformité avant signature | N91: Agent DRI n°3 | P91: =IF(G91="Ne nécessite pas de réponse","-",IF(AND(ISNUMBER(B91),ISNUMBER(O91)),O91-B91,"")) -> - | Q91: =IF(G91="Ne nécessite pas de réponse","-",IF(O91<>"","-",IF(OR(B91="",H91="",NOT(ISNUMBER(H91)),H91=0),"",IF((TODAY()-B91)/H91<=0.5,"VERT",IF((TODAY()-B91)/H91<=0.8,"JAUNE","ROUGE"))))) -> - | R91: =IFERROR(VLOOKUP(G91,Paramètres!$B$6:$F$8,3,FALSE()),"") -> N/A | S91: =IF(G91="Ne nécessite pas de réponse","-",IF(O91="","",IF(T91<>"","-",IF(OR(R91="",NOT(ISNUMBER(R91)),R91=0),"",IF((TODAY()-O91)/R91<=0.5,"VERT",IF((TODAY()-O91)/R91<=0.8,"JAUNE","ROUGE")))))) -> - | U91: =IF(G91="Ne nécessite pas de réponse","-",IF(AND(ISNUMBER(O91),ISNUMBER(T91)),T91-O91,"")) -> - | V91: =IF(G91="Ne nécessite pas de réponse","-",IF(AND(ISNUMBER(T91),ISNUMBER(B91),ISNUMBER(H91),ISNUMBER(R91)),T91-(B91+H91+R91),"")) -> - | W91: =IF(G91="Ne nécessite pas de réponse","Ne nécessite pas de réponse",IF(T91="","",IF(V91<=0,"Dans les délais","Hors délais"))) -> Ne nécessite pas de réponse
A92: 76 | B92: 46057 | C92: N°0042970 du 04-02-2026 | D92: Structure fictive 13 | E92: REF-A N°004749 du 04-02-2026 | F92: REF-B N°002829 du 04-02-2026 | G92: Ordinaire | H92: =IFERROR(VLOOKUP(G92,Paramètres!$B$6:$F$8,2,FALSE()),"") -> 5 | I92: Invitation à un atelier fictif | J92: DRI | K92: 46057 | L92: 46058 | M92: Analyse et proposition de réponse | N92: Agent DRI n°3 | O92: 46062 | P92: =IF(G92="Ne nécessite pas de réponse","-",IF(AND(ISNUMBER(B92),ISNUMBER(O92)),O92-B92,"")) -> 5 | Q92: =IF(G92="Ne nécessite pas de réponse","-",IF(O92<>"","-",IF(OR(B92="",H92="",NOT(ISNUMBER(H92)),H92=0),"",IF((TODAY()-B92)/H92<=0.5,"VERT",IF((TODAY()-B92)/H92<=0.8,"JAUNE","ROUGE"))))) -> - | R92: =IFERROR(VLOOKUP(G92,Paramètres!$B$6:$F$8,3,FALSE()),"") -> 2 | S92: =IF(G92="Ne nécessite pas de réponse","-",IF(O92="","",IF(T92<>"","-",IF(OR(R92="",NOT(ISNUMBER(R92)),R92=0),"",IF((TODAY()-O92)/R92<=0.5,"VERT",IF((TODAY()-O92)/R92<=0.8,"JAUNE","ROUGE")))))) -> - | T92: 46064 | U92: =IF(G92="Ne nécessite pas de réponse","-",IF(AND(ISNUMBER(O92),ISNUMBER(T92)),T92-O92,"")) -> 2 | V92: =IF(G92="Ne nécessite pas de réponse","-",IF(AND(ISNUMBER(T92),ISNUMBER(B92),ISNUMBER(H92),ISNUMBER(R92)),T92-(B92+H92+R92),"")) -> 0 | W92: =IF(G92="Ne nécessite pas de réponse","Ne nécessite pas de réponse",IF(T92="","",IF(V92<=0,"Dans les délais","Hors délais"))) -> Dans les délais
A93: 77 | B93: 46057 | C93: N°0094262 du 04-02-2026 | D93: Structure fictive 09 | F93: REF-B N°001996 du 04-02-2026 | G93: Ordinaire | H93: =IFERROR(VLOOKUP(G93,Paramètres!$B$6:$F$8,2,FALSE()),"") -> 5 | I93: Transmission de pièces justificatives fictives | J93: DSSE | K93: 46057 | L93: 46058 | M93: Examen et avis motivé | N93: Agent DSSE n°3 | O93: 46064 | P93: =IF(G93="Ne nécessite pas de réponse","-",IF(AND(ISNUMBER(B93),ISNUMBER(O93)),O93-B93,"")) -> 7 | Q93: =IF(G93="Ne nécessite pas de réponse","-",IF(O93<>"","-",IF(OR(B93="",H93="",NOT(ISNUMBER(H93)),H93=0),"",IF((TODAY()-B93)/H93<=0.5,"VERT",IF((TODAY()-B93)/H93<=0.8,"JAUNE","ROUGE"))))) -> - | R93: =IFERROR(VLOOKUP(G93,Paramètres!$B$6:$F$8,3,FALSE()),"") -> 2 | S93: =IF(G93="Ne nécessite pas de réponse","-",IF(O93="","",IF(T93<>"","-",IF(OR(R93="",NOT(ISNUMBER(R93)),R93=0),"",IF((TODAY()-O93)/R93<=0.5,"VERT",IF((TODAY()-O93)/R93<=0.8,"JAUNE","ROUGE")))))) -> - | T93: 46065 | U93: =IF(G93="Ne nécessite pas de réponse","-",IF(AND(ISNUMBER(O93),ISNUMBER(T93)),T93-O93,"")) -> 1 | V93: =IF(G93="Ne nécessite pas de réponse","-",IF(AND(ISNUMBER(T93),ISNUMBER(B93),ISNUMBER(H93),ISNUMBER(R93)),T93-(B93+H93+R93),"")) -> 1 | W93: =IF(G93="Ne nécessite pas de réponse","Ne nécessite pas de réponse",IF(T93="","",IF(V93<=0,"Dans les délais","Hors délais"))) -> Hors délais
A94: 78 | B94: 46058 | C94: N°0099547 du 05-02-2026 | D94: Structure fictive 17 | F94: REF-B N°004531 du 05-02-2026 | G94: Confidentiel | H94: =IFERROR(VLOOKUP(G94,Paramètres!$B$6:$F$8,2,FALSE()),"") -> 5 | I94: Projet de texte soumis pour observations (données fictives) | J94: DRI | K94: 46059 | L94: 46059 | N94: Agent DRI n°2 | O94: 46063 | P94: =IF(G94="Ne nécessite pas de réponse","-",IF(AND(ISNUMBER(B94),ISNUMBER(O94)),O94-B94,"")) -> 5 | Q94: =IF(G94="Ne nécessite pas de réponse","-",IF(O94<>"","-",IF(OR(B94="",H94="",NOT(ISNUMBER(H94)),H94=0),"",IF((TODAY()-B94)/H94<=0.5,"VERT",IF((TODAY()-B94)/H94<=0.8,"JAUNE","ROUGE"))))) -> - | R94: =IFERROR(VLOOKUP(G94,Paramètres!$B$6:$F$8,3,FALSE()),"") -> 2 | S94: =IF(G94="Ne nécessite pas de réponse","-",IF(O94="","",IF(T94<>"","-",IF(OR(R94="",NOT(ISNUMBER(R94)),R94=0),"",IF((TODAY()-O94)/R94<=0.5,"VERT",IF((TODAY()-O94)/R94<=0.8,"JAUNE","ROUGE")))))) -> - | T94: 46063 | U94: =IF(G94="Ne nécessite pas de réponse","-",IF(AND(ISNUMBER(O94),ISNUMBER(T94)),T94-O94,"")) -> 0 | V94: =IF(G94="Ne nécessite pas de réponse","-",IF(AND(ISNUMBER(T94),ISNUMBER(B94),ISNUMBER(H94),ISNUMBER(R94)),T94-(B94+H94+R94),"")) -> -2 | W94: =IF(G94="Ne nécessite pas de réponse","Ne nécessite pas de réponse",IF(T94="","",IF(V94<=0,"Dans les délais","Hors délais"))) -> Dans les délais
A95: 79 | B95: 46058 | C95: N°0015008 du 05-02-2026 | D95: Structure fictive 06 | F95: REF-B N°003962 du 05-02-2026 | G95: Ordinaire | H95: =IFERROR(VLOOKUP(G95,Paramètres!$B$6:$F$8,2,FALSE()),"") -> 5 | I95: Transmission d'un tableau de suivi fictif | J95: DP | K95: 46058 | L95: 46058 | M95: Vérifier la conformité avant signature | N95: Agent DP n°2 | O95: 46064 | P95: =IF(G95="Ne nécessite pas de réponse","-",IF(AND(ISNUMBER(B95),ISNUMBER(O95)),O95-B95,"")) -> 6 | Q95: =IF(G95="Ne nécessite pas de réponse","-",IF(O95<>"","-",IF(OR(B95="",H95="",NOT(ISNUMBER(H95)),H95=0),"",IF((TODAY()-B95)/H95<=0.5,"VERT",IF((TODAY()-B95)/H95<=0.8,"JAUNE","ROUGE"))))) -> - | R95: =IFERROR(VLOOKUP(G95,Paramètres!$B$6:$F$8,3,FALSE()),"") -> 2 | S95: =IF(G95="Ne nécessite pas de réponse","-",IF(O95="","",IF(T95<>"","-",IF(OR(R95="",NOT(ISNUMBER(R95)),R95=0),"",IF((TODAY()-O95)/R95<=0.5,"VERT",IF((TODAY()-O95)/R95<=0.8,"JAUNE","ROUGE")))))) -> - | T95: 46065 | U95: =IF(G95="Ne nécessite pas de réponse","-",IF(AND(ISNUMBER(O95),ISNUMBER(T95)),T95-O95,"")) -> 1 | V95: =IF(G95="Ne nécessite pas de réponse","-",IF(AND(ISNUMBER(T95),ISNUMBER(B95),ISNUMBER(H95),ISNUMBER(R95)),T95-(B95+H95+R95),"")) -> 0 | W95: =IF(G95="Ne nécessite pas de réponse","Ne nécessite pas de réponse",IF(T95="","",IF(V95<=0,"Dans les délais","Hors délais"))) -> Dans les délais
A96: 80 | B96: 46058 | C96: N°0062350 du 05-02-2026 | D96: Structure fictive 06 | E96: REF-A N°009556 du 05-02-2026 | F96: REF-B N°003926 du 05-02-2026 | G96: Ne nécessite pas de réponse | H96: =IFERROR(VLOOKUP(G96,Paramètres!$B$6:$F$8,2,FALSE()),"") -> N/A | I96: Transmission d'une note d'orientation fictive | J96: DRI | K96: 46059 | L96: 46059 | M96: Examen et avis motivé | N96: Agent DRI n°1 | P96: =IF(G96="Ne nécessite pas de réponse","-",IF(AND(ISNUMBER(B96),ISNUMBER(O96)),O96-B96,"")) -> - | Q96: =IF(G96="Ne nécessite pas de réponse","-",IF(O96<>"","-",IF(OR(B96="",H96="",NOT(ISNUMBER(H96)),H96=0),"",IF((TODAY()-B96)/H96<=0.5,"VERT",IF((TODAY()-B96)/H96<=0.8,"JAUNE","ROUGE"))))) -> - | R96: =IFERROR(VLOOKUP(G96,Paramètres!$B$6:$F$8,3,FALSE()),"") -> N/A | S96: =IF(G96="Ne nécessite pas de réponse","-",IF(O96="","",IF(T96<>"","-",IF(OR(R96="",NOT(ISNUMBER(R96)),R96=0),"",IF((TODAY()-O96)/R96<=0.5,"VERT",IF((TODAY()-O96)/R96<=0.8,"JAUNE","ROUGE")))))) -> - | U96: =IF(G96="Ne nécessite pas de réponse","-",IF(AND(ISNUMBER(O96),ISNUMBER(T96)),T96-O96,"")) -> - | V96: =IF(G96="Ne nécessite pas de réponse","-",IF(AND(ISNUMBER(T96),ISNUMBER(B96),ISNUMBER(H96),ISNUMBER(R96)),T96-(B96+H96+R96),"")) -> - | W96: =IF(G96="Ne nécessite pas de réponse","Ne nécessite pas de réponse",IF(T96="","",IF(V96<=0,"Dans les délais","Hors délais"))) -> Ne nécessite pas de réponse
A97: 81 | B97: 46058 | C97: N°0069626 du 05-02-2026 | D97: Structure fictive 13 | E97: REF-A N°002159 du 05-02-2026 | F97: REF-B N°003954 du 05-02-2026 | G97: Ne nécessite pas de réponse | H97: =IFERROR(VLOOKUP(G97,Paramètres!$B$6:$F$8,2,FALSE()),"") -> N/A | I97: Transmission d'un tableau de suivi fictif | J97: DP | K97: 46059 | L97: 46062 | M97: Suivi | N97: Agent DP n°3 | P97: =IF(G97="Ne nécessite pas de réponse","-",IF(AND(ISNUMBER(B97),ISNUMBER(O97)),O97-B97,"")) -> - | Q97: =IF(G97="Ne nécessite pas de réponse","-",IF(O97<>"","-",IF(OR(B97="",H97="",NOT(ISNUMBER(H97)),H97=0),"",IF((TODAY()-B97)/H97<=0.5,"VERT",IF((TODAY()-B97)/H97<=0.8,"JAUNE","ROUGE"))))) -> - | R97: =IFERROR(VLOOKUP(G97,Paramètres!$B$6:$F$8,3,FALSE()),"") -> N/A | S97: =IF(G97="Ne nécessite pas de réponse","-",IF(O97="","",IF(T97<>"","-",IF(OR(R97="",NOT(ISNUMBER(R97)),R97=0),"",IF((TODAY()-O97)/R97<=0.5,"VERT",IF((TODAY()-O97)/R97<=0.8,"JAUNE","ROUGE")))))) -> - | U97: =IF(G97="Ne nécessite pas de réponse","-",IF(AND(ISNUMBER(O97),ISNUMBER(T97)),T97-O97,"")) -> - | V97: =IF(G97="Ne nécessite pas de réponse","-",IF(AND(ISNUMBER(T97),ISNUMBER(B97),ISNUMBER(H97),ISNUMBER(R97)),T97-(B97+H97+R97),"")) -> - | W97: =IF(G97="Ne nécessite pas de réponse","Ne nécessite pas de réponse",IF(T97="","",IF(V97<=0,"Dans les délais","Hors délais"))) -> Ne nécessite pas de réponse
A98: 82 | B98: 46058 | C98: N°0002691 du 05-02-2026 | D98: Structure fictive 16 | F98: REF-B N°005640 du 05-02-2026 | G98: Ordinaire | H98: =IFERROR(VLOOKUP(G98,Paramètres!$B$6:$F$8,2,FALSE()),"") -> 5 | I98: Demande de point de situation sur un dossier fictif | J98: DP | K98: 46058 | L98: 46058 | M98: Analyse et proposition de réponse | N98: Agent DP n°2 | O98: 46064 | P98: =IF(G98="Ne nécessite pas de réponse","-",IF(AND(ISNUMBER(B98),ISNUMBER(O98)),O98-B98,"")) -> 6 | Q98: =IF(G98="Ne nécessite pas de réponse","-",IF(O98<>"","-",IF(OR(B98="",H98="",NOT(ISNUMBER(H98)),H98=0),"",IF((TODAY()-B98)/H98<=0.5,"VERT",IF((TODAY()-B98)/H98<=0.8,"JAUNE","ROUGE"))))) -> - | R98: =IFERROR(VLOOKUP(G98,Paramètres!$B$6:$F$8,3,FALSE()),"") -> 2 | S98: =IF(G98="Ne nécessite pas de réponse","-",IF(O98="","",IF(T98<>"","-",IF(OR(R98="",NOT(ISNUMBER(R98)),R98=0),"",IF((TODAY()-O98)/R98<=0.5,"VERT",IF((TODAY()-O98)/R98<=0.8,"JAUNE","ROUGE")))))) -> - | T98: 46065 | U98: =IF(G98="Ne nécessite pas de réponse","-",IF(AND(ISNUMBER(O98),ISNUMBER(T98)),T98-O98,"")) -> 1 | V98: =IF(G98="Ne nécessite pas de réponse","-",IF(AND(ISNUMBER(T98),ISNUMBER(B98),ISNUMBER(H98),ISNUMBER(R98)),T98-(B98+H98+R98),"")) -> 0 | W98: =IF(G98="Ne nécessite pas de réponse","Ne nécessite pas de réponse",IF(T98="","",IF(V98<=0,"Dans les délais","Hors délais"))) -> Dans les délais
A99: 83 | B99: 46058 | C99: N°0015281 du 05-02-2026 | D99: Structure fictive 02 | E99: REF-A N°003317 du 05-02-2026 | F99: REF-B N°008290 du 05-02-2026 | G99: Ordinaire | H99: =IFERROR(VLOOKUP(G99,Paramètres!$B$6:$F$8,2,FALSE()),"") -> 5 | I99: Transmission d'une note d'orientation fictive | J99: DRI | K99: 46058 | L99: 46059 | N99: Agent DRI n°3 | O99: 46066 | P99: =IF(G99="Ne nécessite pas de réponse","-",IF(AND(ISNUMBER(B99),ISNUMBER(O99)),O99-B99,"")) -> 8 | Q99: =IF(G99="Ne nécessite pas de réponse","-",IF(O99<>"","-",IF(OR(B99="",H99="",NOT(ISNUMBER(H99)),H99=0),"",IF((TODAY()-B99)/H99<=0.5,"VERT",IF((TODAY()-B99)/H99<=0.8,"JAUNE","ROUGE"))))) -> - | R99: =IFERROR(VLOOKUP(G99,Paramètres!$B$6:$F$8,3,FALSE()),"") -> 2 | S99: =IF(G99="Ne nécessite pas de réponse","-",IF(O99="","",IF(T99<>"","-",IF(OR(R99="",NOT(ISNUMBER(R99)),R99=0),"",IF((TODAY()-O99)/R99<=0.5,"VERT",IF((TODAY()-O99)/R99<=0.8,"JAUNE","ROUGE")))))) -> - | T99: 46070 | U99: =IF(G99="Ne nécessite pas de réponse","-",IF(AND(ISNUMBER(O99),ISNUMBER(T99)),T99-O99,"")) -> 4 | V99: =IF(G99="Ne nécessite pas de réponse","-",IF(AND(ISNUMBER(T99),ISNUMBER(B99),ISNUMBER(H99),ISNUMBER(R99)),T99-(B99+H99+R99),"")) -> 5 | W99: =IF(G99="Ne nécessite pas de réponse","Ne nécessite pas de réponse",IF(T99="","",IF(V99<=0,"Dans les délais","Hors délais"))) -> Hors délais
A100: 84 | B100: 46058 | C100: N°0034620 du 05-02-2026 | D100: Structure fictive 04 | F100: REF-B N°008047 du 05-02-2026 | G100: Ne nécessite pas de réponse | H100: =IFERROR(VLOOKUP(G100,Paramètres!$B$6:$F$8,2,FALSE()),"") -> N/A | I100: Transmission de pièces justificatives fictives | J100: DSSE | K100: 46058 | L100: 46058 | M100: Examen et avis motivé | N100: Agent DSSE n°3 | P100: =IF(G100="Ne nécessite pas de réponse","-",IF(AND(ISNUMBER(B100),ISNUMBER(O100)),O100-B100,"")) -> - | Q100: =IF(G100="Ne nécessite pas de réponse","-",IF(O100<>"","-",IF(OR(B100="",H100="",NOT(ISNUMBER(H100)),H100=0),"",IF((TODAY()-B100)/H100<=0.5,"VERT",IF((TODAY()-B100)/H100<=0.8,"JAUNE","ROUGE"))))) -> - | R100: =IFERROR(VLOOKUP(G100,Paramètres!$B$6:$F$8,3,FALSE()),"") -> N/A | S100: =IF(G100="Ne nécessite pas de réponse","-",IF(O100="","",IF(T100<>"","-",IF(OR(R100="",NOT(ISNUMBER(R100)),R100=0),"",IF((TODAY()-O100)/R100<=0.5,"VERT",IF((TODAY()-O100)/R100<=0.8,"JAUNE","ROUGE")))))) -> - | U100: =IF(G100="Ne nécessite pas de réponse","-",IF(AND(ISNUMBER(O100),ISNUMBER(T100)),T100-O100,"")) -> - | V100: =IF(G100="Ne nécessite pas de réponse","-",IF(AND(ISNUMBER(T100),ISNUMBER(B100),ISNUMBER(H100),ISNUMBER(R100)),T100-(B100+H100+R100),"")) -> - | W100: =IF(G100="Ne nécessite pas de réponse","Ne nécessite pas de réponse",IF(T100="","",IF(V100<=0,"Dans les délais","Hors délais"))) -> Ne nécessite pas de réponse
A101: 85 | B101: 46059 | C101: N°0045396 du 06-02-2026 | D101: Structure fictive 06 | E101: REF-A N°007882 du 06-02-2026 | F101: REF-B N°004270 du 06-02-2026 | G101: Ordinaire | H101: =IFERROR(VLOOKUP(G101,Paramètres!$B$6:$F$8,2,FALSE()),"") -> 5 | I101: Demande de documents complémentaires (test) | J101: DRI | K101: 46062 | L101: 46062 | M101: Analyse et proposition de réponse | N101: Agent DRI n°3 | O101: 46064 | P101: =IF(G101="Ne nécessite pas de réponse","-",IF(AND(ISNUMBER(B101),ISNUMBER(O101)),O101-B101,"")) -> 5 | Q101: =IF(G101="Ne nécessite pas de réponse","-",IF(O101<>"","-",IF(OR(B101="",H101="",NOT(ISNUMBER(H101)),H101=0),"",IF((TODAY()-B101)/H101<=0.5,"VERT",IF((TODAY()-B101)/H101<=0.8,"JAUNE","ROUGE"))))) -> - | R101: =IFERROR(VLOOKUP(G101,Paramètres!$B$6:$F$8,3,FALSE()),"") -> 2 | S101: =IF(G101="Ne nécessite pas de réponse","-",IF(O101="","",IF(T101<>"","-",IF(OR(R101="",NOT(ISNUMBER(R101)),R101=0),"",IF((TODAY()-O101)/R101<=0.5,"VERT",IF((TODAY()-O101)/R101<=0.8,"JAUNE","ROUGE")))))) -> - | T101: 46066 | U101: =IF(G101="Ne nécessite pas de réponse","-",IF(AND(ISNUMBER(O101),ISNUMBER(T101)),T101-O101,"")) -> 2 | V101: =IF(G101="Ne nécessite pas de réponse","-",IF(AND(ISNUMBER(T101),ISNUMBER(B101),ISNUMBER(H101),ISNUMBER(R101)),T101-(B101+H101+R101),"")) -> 0 | W101: =IF(G101="Ne nécessite pas de réponse","Ne nécessite pas de réponse",IF(T101="","",IF(V101<=0,"Dans les délais","Hors délais"))) -> Dans les délais
A102: 86 | B102: 46059 | C102: N°0029772 du 06-02-2026 | D102: Structure fictive 10 | E102: REF-A N°006533 du 06-02-2026 | F102: REF-B N°008925 du 06-02-2026 | G102: Ordinaire | H102: =IFERROR(VLOOKUP(G102,Paramètres!$B$6:$F$8,2,FALSE()),"") -> 5 | I102: Demande de documents complémentaires (test) | J102: DRI | K102: 46059 | L102: 46059 | M102: Examen et avis motivé | N102: Agent DRI n°3 | O102: 46065 | P102: =IF(G102="Ne nécessite pas de réponse","-",IF(AND(ISNUMBER(B102),ISNUMBER(O102)),O102-B102,"")) -> 6 | Q102: =IF(G102="Ne nécessite pas de réponse","-",IF(O102<>"","-",IF(OR(B102="",H102="",NOT(ISNUMBER(H102)),H102=0),"",IF((TODAY()-B102)/H102<=0.5,"VERT",IF((TODAY()-B102)/H102<=0.8,"JAUNE","ROUGE"))))) -> - | R102: =IFERROR(VLOOKUP(G102,Paramètres!$B$6:$F$8,3,FALSE()),"") -> 2 | S102: =IF(G102="Ne nécessite pas de réponse","-",IF(O102="","",IF(T102<>"","-",IF(OR(R102="",NOT(ISNUMBER(R102)),R102=0),"",IF((TODAY()-O102)/R102<=0.5,"VERT",IF((TODAY()-O102)/R102<=0.8,"JAUNE","ROUGE")))))) -> - | T102: 46069 | U102: =IF(G102="Ne nécessite pas de réponse","-",IF(AND(ISNUMBER(O102),ISNUMBER(T102)),T102-O102,"")) -> 4 | V102: =IF(G102="Ne nécessite pas de réponse","-",IF(AND(ISNUMBER(T102),ISNUMBER(B102),ISNUMBER(H102),ISNUMBER(R102)),T102-(B102+H102+R102),"")) -> 3 | W102: =IF(G102="Ne nécessite pas de réponse","Ne nécessite pas de réponse",IF(T102="","",IF(V102<=0,"Dans les délais","Hors délais"))) -> Hors délais
...

Sheet Paramètres
B2: PARAMÈTRES DU DISPOSITIF DE SUIVI DU COURRIER - DSP
B4: DÉLAIS RÉGLEMENTAIRES (en jours)
B5: Type de courrier | C5: Délai agent (jours) | D5: Délai Directeur (jours) | E5: Délai total (jours) | F5: Description
B6: Ordinaire | C6: 5 | D6: 2 | E6: =C6+D6 -> 7 | F6: Courrier ordinaire - traitement par l'agent sous 5 jours, puis signature du Directeur sous 2 jours
B7: Confidentiel | C7: 5 | D7: 2 | E7: =C7+D7 -> 7 | F7: Courrier confidentiel - même délai que l'ordinaire
B8: Ne nécessite pas de réponse | C8: N/A | D8: N/A | E8: N/A | F8: Courrier sans objet - aucune réponse attendue
B10: DIVISIONS CONCERNÉES
B11: Code | C11: Libellé
B12: DRI | C12: Division des Relations Institutionnelles
B13: DP | C13: Division Portefeuille
B14: DSSE | C14: Division Suivi, Synthèse et des Études
B16: RÈGLES D'ALERTE SUR DÉLAI DE TRAITEMENT
B17: Code couleur | C17: Seuil de consommation | D17: Signification
B18: VERT | C18: ≤ 50% du délai consommé | D18: Traitement dans les temps - aucune action
B19: JAUNE | C19: > 50% et ≤ 80% du délai consommé | D19: Vigilance - relancer l'agent ou le Directeur
B20: ROUGE | C20: > 80% du délai ou délai dépassé | D20: Critique - intervention immédiate requise
B22: SYSTÈME D'ALERTE DIRECTEUR
B23: Le décompte du délai de signature du Directeur (2 jours) démarre automatiquement dès que l'agent soumet le dossier (date renseignée en colonne "Date de soumission du dossier par l'agent" de la feuille Suivi Courrier).
B24: La colonne "Alerte délai Directeur" applique les mêmes seuils que ci-dessus (VERT/JAUNE/ROUGE) sur ces 2 jours, et reste vide tant que le dossier n'a pas été soumis par l'agent.
